10970,[6.]
10971,[6.]
10972,[5.]
11109,[5.]
11110,[6.]
11111,[5.]
11112,[5.]
11113,[5.]
11249,[5.]
11250,[5.]
11251,[5.]
11252,[6.]
11253,[5.]
11388,[5.]
11389,[5.]
11390,[5.]
11391,[5.]
11392,[5.]
11528,[5.]
11529,[5.]
11530,[4.]
11531,[5.]
11532,[5.]
11667,[5.]
11668,[4.]
11669,[5.]
11670,[4.]
11671,[5.]
11672,[5.]
11807,[5.]
11808,[5.]
11809,[5.]
11810,[5.]
11811,[5.]
11812,[5.]
11946,[6.]
11947,[5.]
11948,[5.]
11949,[5.]
11950,[5.]
11951,[5.]
11952,[5.]
12085,[5.]
12086,[5.]
12087,[4.]
12088,[5.]
12089,[5.]
12090,[5.]
12091,[5.]
12092,[5.]
12093,[5.]
12225,[5.]
12226,[5.]
12227,[5.]
12228,[3.]
12229,[5.]
12230,[6.]
12231,[4.]
12232,[3.]
12233,[5.]
12365,[5.]
12366,[5.]
12367,[5.]
12368,[3.]
12369,[4.]
12370,[5.]
12371,[4.]
12372,[5.]
12506,[5.]
12507,[5.]
12508,[4.]
12509,[5.]
8078,[5.]
8079,[5.]
8080,[5.]
8081,[4.]
8082,[5.]
8217,[5.]
8218,[5.]
8219,[5.]
8220,[5.]
8221,[5.]
8222,[5.]
8356,[5.]
8357,[5.]
8358,[5.]
8359,[6.]
8360,[4.]
8361,[5.]
8362,[6.]
8496,[5.]
8497,[5.]
8498,[5.]
8499,[5.]
8500,[5.]
8501,[5.]
8502,[5.]
8635,[5.]
8636,[5.]
8637,[5.]
8638,[5.]
8639,[5.]
8640,[5.]
8641,[5.]
8642,[5.]
8643,[5.]
8644,[5.]
8645,[5.]
8774,[5.]
8775,[5.]
8776,[5.]
8777,[5.]
8778,[5.]
8779,[5.]
8780,[5.]
8781,[5.]
8782,[6.]
8783,[5.]
8784,[5.]
8914,[5.]
8915,[5.]
8916,[5.]
8917,[5.]
8918,[5.]
8919,[5.]
8920,[5.]
8921,[5.]
8922,[5.]
9057,[5.]
9058,[5.]
9059,[5.]
9060,[5.]
9061,[5.]
9199,[5.]
9200,[5.]
9201,[5.]
9340,[5.]
9349,[5.]
9488,[5.]
9489,[5.]
9627,[5.]
9628,[5.]
9629,[5.]
9630,[5.]
9767,[5.]
9768,[5.]
9769,[5.]
9770,[5.]
9771,[5.]
9772,[5.]
9773,[5.]
9774,[5.]
9775,[5.]
9776,[5.]
9907,[5.]
9908,[5.]
9909,[5.]
9910,[3.]
9911,[3.]
9912,[5.]
9913,[5.]
9914,[5.]
9915,[5.]
9916,[5.]
10047,[5.]
10048,[5.]
10049,[5.]
10050,[3.]
10051,[4.]
10052,[5.]
10053,[5.]
10054,[5.]
10055,[5.]
10191,[4.]
10192,[5.]
10193,[5.]
10194,[5.]
10195,[5.]
10333,[5.]
6510,[4.]
6649,[5.]
6650,[5.]
6651,[5.]
6652,[5.]
6653,[5.]
6787,[6.]
6788,[5.]
6789,[5.]
6790,[5.]
6791,[5.]
6792,[5.]
6793,[5.]
6794,[4.]
6795,[4.]
6928,[5.]
6929,[5.]
6930,[5.]
6931,[5.]
6932,[5.]
6933,[5.]
7068,[6.]
7069,[5.]
7070,[5.]
7071,[5.]
7072,[4.]
7209,[5.]
7210,[6.]
7211,[5.]
8073,[5.]
8074,[5.]
8213,[5.]
8214,[5.]
8353,[3.]
8354,[5.]
8355,[5.]
8493,[3.]
8494,[5.]
8495,[5.]
8633,[6.]
8634,[5.]
8773,[5.]
8913,[6.]
7653,[4.]
7654,[5.]
7792,[5.]
7793,[4.]
7931,[4.]
7932,[3.]
7933,[4.]
8068,[5.]
8069,[5.]
8070,[5.]
8071,[4.]
8072,[6.]
8207,[4.]
8208,[5.]
8209,[4.]
8210,[6.]
8211,[5.]
8212,[6.]
8345,[3.]
8346,[3.]
8347,[4.]
8348,[5.]
8349,[6.]
8350,[5.]
8351,[4.]
8352,[5.]
8485,[5.]
8486,[6.]
8487,[5.]
8488,[5.]
8489,[5.]
8490,[4.]
8491,[4.]
8492,[5.]
8624,[5.]
8625,[5.]
8626,[3.]
8627,[4.]
8628,[6.]
8629,[4.]
8630,[5.]
8631,[5.]
8632,[5.]
8770,[5.]
8771,[5.]
8772,[5.]
8910,[5.]
8911,[5.]
7872,[4.]
7873,[5.]
7874,[5.]
8009,[5.]
8010,[4.]
8011,[5.]
8012,[3.]
8013,[4.]
8014,[5.]
8015,[3.]
8148,[3.]
8149,[4.]
8150,[5.]
8151,[5.]
8152,[3.]
8153,[5.]
8154,[5.]
8155,[4.]
8156,[5.]
8157,[5.]
8286,[4.]
8287,[4.]
8288,[3.]
8289,[3.]
8290,[5.]
8291,[4.]
8292,[5.]
8293,[5.]
8294,[4.]
8295,[5.]
8296,[5.]
8297,[5.]
8426,[4.]
8427,[4.]
8428,[3.]
8429,[4.]
8430,[3.]
8431,[3.]
8432,[3.]
8433,[5.]
8434,[3.]
8435,[5.]
8436,[5.]
8437,[5.]
8438,[5.]
8566,[5.]
8567,[4.]
8568,[4.]
8569,[5.]
8570,[4.]
8571,[4.]
8572,[5.]
8573,[5.]
8574,[5.]
8575,[5.]
8576,[5.]
8577,[5.]
8578,[5.]
8579,[3.]
8706,[5.]
8707,[5.]
8708,[3.]
8709,[3.]
8710,[5.]
8711,[5.]
8712,[4.]
8713,[5.]
8714,[5.]
8715,[5.]
8716,[4.]
8717,[5.]
8718,[5.]
8719,[5.]
8847,[5.]
8848,[5.]
8849,[5.]
8850,[5.]
8851,[4.]
8852,[5.]
8853,[5.]
8854,[5.]
8855,[5.]
8856,[5.]
8857,[5.]
8858,[5.]
8859,[5.]
8987,[5.]
8988,[5.]
8989,[5.]
8990,[4.]
8991,[5.]
8992,[5.]
8993,[5.]
8994,[5.]
8995,[3.]
8996,[5.]
8997,[5.]
8998,[5.]
8999,[5.]
9000,[5.]
9127,[5.]
9128,[5.]
9129,[5.]
9130,[5.]
9131,[5.]
9132,[5.]
9133,[5.]
9134,[5.]
9135,[5.]
9136,[5.]
9137,[5.]
9138,[6.]
9139,[5.]
9140,[5.]
9141,[5.]
9267,[5.]
9268,[5.]
9269,[5.]
9270,[5.]
9271,[5.]
9272,[5.]
9273,[5.]
9274,[5.]
9275,[5.]
9276,[5.]
9277,[5.]
9278,[5.]
9279,[5.]
9280,[5.]
9281,[5.]
9282,[5.]
9407,[6.]
9408,[5.]
9409,[5.]
9410,[5.]
9411,[5.]
9412,[5.]
9413,[5.]
9414,[5.]
9415,[6.]
9416,[5.]
9417,[5.]
9418,[5.]
9419,[6.]
9420,[5.]
9421,[5.]
9422,[5.]
9548,[5.]
9549,[5.]
9550,[6.]
9551,[5.]
9552,[5.]
9553,[5.]
9554,[5.]
9555,[5.]
9556,[5.]
9557,[5.]
9558,[5.]
9559,[5.]
9560,[6.]
9561,[5.]
9562,[5.]
9563,[5.]
9689,[5.]
9690,[5.]
9691,[5.]
9692,[5.]
9693,[3.]
9694,[255.]
22037,[3.]
22177,[5.]
22178,[5.]
22179,[5.]
22180,[5.]
22181,[4.]
22182,[5.]
22183,[5.]
22184,[4.]
22185,[4.]
22317,[5.]
22318,[5.]
22319,[5.]
22320,[5.]
22321,[4.]
22322,[5.]
22323,[5.]
22324,[4.]
22325,[5.]
22457,[5.]
22458,[4.]
22459,[3.]
22460,[3.]
22461,[3.]
22462,[5.]
22463,[5.]
22464,[4.]
22465,[4.]
22466,[5.]
22467,[5.]
22597,[4.]
22598,[4.]
22599,[4.]
22600,[4.]
22601,[3.]
22602,[3.]
22603,[4.]
22604,[4.]
22605,[5.]
22606,[5.]
22607,[5.]
22737,[4.]
22738,[4.]
22739,[5.]
22740,[4.]
22741,[5.]
22742,[4.]
22743,[4.]
22744,[5.]
22745,[4.]
22746,[5.]
22878,[5.]
22879,[5.]
22880,[5.]
22881,[4.]
22882,[4.]
22883,[4.]
22884,[4.]
22885,[3.]
22886,[5.]
23018,[4.]
23019,[3.]
23020,[4.]
23021,[3.]
23022,[4.]
23023,[5.]
23024,[3.]
23025,[3.]
23158,[5.]
23159,[3.]
23160,[5.]
23161,[3.]
23162,[3.]
23163,[3.]
23298,[5.]
23439,[3.]
13635,[4.]
13774,[5.]
13775,[5.]
13776,[5.]
13777,[5.]
13914,[4.]
13915,[4.]
13916,[5.]
13917,[6.]
13918,[5.]
13919,[3.]
13920,[5.]
14054,[5.]
14055,[5.]
14056,[5.]
14057,[6.]
14058,[6.]
14059,[5.]
14060,[3.]
14061,[2.]
14062,[2.]
14194,[5.]
14195,[5.]
14196,[5.]
14197,[5.]
14198,[6.]
14199,[4.]
14200,[3.]
14201,[3.]
14202,[2.]
14333,[5.]
14334,[5.]
14335,[5.]
14336,[5.]
14337,[5.]
14338,[6.]
14339,[3.]
14340,[2.]
14341,[3.]
14473,[5.]
14474,[5.]
14475,[5.]
14476,[5.]
14477,[5.]
14478,[3.]
14479,[2.]
14480,[2.]
14481,[1.]
14614,[5.]
14615,[5.]
14616,[5.]
14617,[5.]
14618,[3.]
14619,[2.]
14620,[2.]
14621,[2.]
14755,[5.]
14756,[5.]
14757,[5.]
14758,[3.]
14759,[2.]
14760,[2.]
14897,[4.]
14898,[3.]
14900,[3.]
14901,[2.]
15040,[2.]
15041,[3.]
15180,[2.]
23137,[4.]
23138,[5.]
23277,[4.]
23278,[4.]
23279,[5.]
23280,[4.]
23281,[4.]
23417,[4.]
23418,[3.]
23419,[5.]
23420,[4.]
23421,[4.]
23422,[4.]
23423,[3.]
23424,[2.]
23557,[4.]
23558,[3.]
23559,[4.]
23560,[4.]
23561,[3.]
23562,[3.]
23563,[3.]
23564,[3.]
23697,[4.]
23698,[4.]
23699,[4.]
23700,[4.]
23701,[3.]
23702,[3.]
23703,[3.]
23704,[3.]
23837,[5.]
23838,[3.]
23839,[4.]
23840,[5.]
23841,[4.]
23842,[3.]
23843,[3.]
23844,[2.]
23845,[3.]
23978,[4.]
23979,[3.]
23980,[5.]
23981,[5.]
23982,[3.]
23983,[4.]
23984,[3.]
23985,[3.]
23986,[3.]
24120,[3.]
24121,[4.]
24122,[4.]
24123,[3.]
24124,[3.]
24125,[3.]
24126,[3.]
24262,[4.]
24263,[3.]
24264,[5.]
24265,[3.]
24402,[4.]
24403,[3.]
24404,[3.]
24542,[4.]
24543,[3.]
24544,[3.]
6424,[4.]
6564,[4.]
6702,[6.]
6703,[5.]
6704,[4.]
6842,[5.]
6843,[5.]
6844,[4.]
6981,[6.]
6982,[5.]
6983,[5.]
6984,[4.]
6985,[5.]
7120,[5.]
7121,[5.]
7122,[5.]
7123,[5.]
7124,[4.]
7260,[5.]
7261,[5.]
7262,[5.]
7263,[5.]
7264,[5.]
7265,[2.]
7401,[5.]
7402,[5.]
7403,[5.]
7404,[5.]
7542,[5.]
7543,[5.]
7544,[5.]
7545,[3.]
7546,[5.]
7684,[5.]
7685,[5.]
7686,[5.]
7824,[5.]
7825,[5.]
12122,[5.]
12261,[4.]
12262,[5.]
12402,[5.]
12403,[4.]
12404,[4.]
12541,[5.]
12542,[4.]
12543,[3.]
12544,[4.]
12545,[3.]
12682,[3.]
12683,[4.]
12684,[3.]
12685,[2.]
12823,[3.]
12824,[1.]
12825,[1.]
12826,[1.]
12827,[2.]
12828,[2.]
12964,[2.]
12965,[1.]
12966,[1.]
12967,[2.]
12968,[4.]
13104,[2.]
13105,[2.]
13106,[1.]
13107,[2.]
13246,[2.]
13247,[3.]
6511,[5.]
6512,[5.]
6513,[5.]
6514,[4.]
6515,[5.]
6516,[3.]
6654,[5.]
6655,[4.]
6656,[4.]
6796,[4.]
5122,[5.]
5123,[5.]
5124,[3.]
5261,[5.]
5262,[3.]
5263,[4.]
5264,[4.]
5265,[4.]
5396,[5.]
5397,[5.]
5398,[5.]
5400,[5.]
5401,[4.]
5402,[4.]
5403,[4.]
5404,[5.]
5536,[5.]
5537,[5.]
5538,[5.]
5539,[5.]
5540,[5.]
5541,[5.]
5542,[5.]
5543,[3.]
5676,[5.]
5677,[5.]
5678,[5.]
5679,[5.]
5680,[5.]
5681,[4.]
5682,[4.]
5683,[5.]
5684,[4.]
5816,[4.]
5817,[5.]
5818,[4.]
5819,[4.]
5820,[5.]
5821,[5.]
5822,[5.]
5823,[4.]
5824,[4.]
5825,[5.]
5956,[4.]
5957,[4.]
5958,[4.]
5959,[4.]
5960,[5.]
5961,[5.]
5962,[4.]
5963,[5.]
5964,[5.]
5965,[5.]
5966,[6.]
5967,[5.]
6094,[5.]
6095,[5.]
6096,[5.]
6097,[5.]
6098,[4.]
6099,[4.]
6100,[3.]
6101,[4.]
6102,[5.]
6103,[4.]
6104,[4.]
6105,[5.]
6106,[5.]
6234,[4.]
6235,[4.]
6236,[5.]
6237,[5.]
6238,[3.]
6239,[5.]
6240,[4.]
6241,[5.]
6242,[4.]
6243,[5.]
6244,[5.]
6245,[5.]
6373,[5.]
6374,[4.]
6375,[3.]
6376,[5.]
6377,[5.]
6378,[4.]
6379,[4.]
6380,[5.]
6381,[5.]
6382,[4.]
6383,[5.]
6384,[5.]
6385,[5.]
6517,[4.]
6518,[3.]
6519,[4.]
6520,[5.]
6521,[5.]
6522,[5.]
6523,[5.]
6524,[5.]
6657,[4.]
6658,[3.]
6659,[4.]
6660,[5.]
6661,[4.]
6662,[5.]
6663,[5.]
6664,[4.]
6797,[3.]
6798,[3.]
6799,[4.]
6800,[5.]
6801,[4.]
6802,[5.]
6803,[5.]
6937,[4.]
6938,[3.]
6939,[4.]
18659,[4.]
18660,[4.]
18799,[4.]
18800,[4.]
18801,[4.]
18802,[4.]
18803,[4.]
18938,[4.]
18939,[5.]
18940,[4.]
18941,[4.]
18942,[4.]
18943,[4.]
18944,[4.]
18945,[4.]
18947,[4.]
18948,[4.]
19077,[5.]
19078,[4.]
19079,[5.]
19080,[4.]
19081,[4.]
19082,[5.]
19083,[4.]
19084,[4.]
19085,[4.]
19086,[4.]
19087,[3.]
19216,[5.]
19217,[4.]
19218,[4.]
19219,[4.]
19220,[4.]
19221,[4.]
19222,[4.]
19223,[4.]
19224,[4.]
19225,[3.]
19226,[5.]
19227,[3.]
19355,[4.]
19356,[5.]
19357,[5.]
19358,[4.]
19359,[4.]
19360,[4.]
19361,[3.]
19362,[4.]
19363,[3.]
19364,[4.]
19365,[5.]
19366,[4.]
19367,[4.]
19496,[4.]
19497,[5.]
19498,[5.]
19499,[4.]
19500,[3.]
19501,[3.]
19502,[5.]
19503,[5.]
19504,[4.]
19505,[4.]
19506,[4.]
19507,[3.]
19508,[3.]
19638,[5.]
19639,[4.]
19640,[4.]
19641,[5.]
19642,[4.]
19779,[4.]
19780,[4.]
17422,[3.]
17423,[1.]
17424,[1.]
17560,[3.]
17561,[3.]
17562,[4.]
17563,[3.]
17564,[255.]
17700,[3.]
17701,[3.]
17702,[3.]
17703,[4.]
17704,[3.]
17705,[1.]
17706,[1.]
17838,[3.]
17839,[4.]
17840,[3.]
17841,[3.]
17842,[3.]
17843,[3.]
17844,[3.]
17845,[255.]
17846,[255.]
17977,[3.]
17978,[3.]
17979,[3.]
17980,[4.]
17981,[3.]
17982,[3.]
17983,[3.]
17984,[3.]
17985,[2.]
18118,[3.]
18119,[4.]
18120,[4.]
18121,[4.]
18122,[4.]
18123,[3.]
18124,[3.]
18257,[3.]
18258,[4.]
18259,[4.]
18260,[3.]
18397,[4.]
18398,[4.]
18399,[4.]
8064,[3.]
8204,[6.]
8205,[3.]
8206,[4.]
8344,[4.]
8484,[4.]
7639,[5.]
7779,[5.]
7780,[5.]
7918,[3.]
7919,[3.]
7920,[4.]
7921,[5.]
8058,[3.]
8059,[3.]
8060,[3.]
8061,[3.]
8062,[3.]
8063,[5.]
8198,[3.]
8199,[5.]
8200,[3.]
8201,[4.]
8202,[2.]
8203,[5.]
8339,[4.]
8340,[3.]
8341,[4.]
8342,[3.]
8343,[5.]
8480,[3.]
8481,[3.]
8482,[6.]
8483,[3.]
8619,[5.]
8620,[2.]
8621,[5.]
8622,[3.]
8623,[5.]
8759,[5.]
8760,[3.]
8761,[4.]
8762,[5.]
8763,[4.]
8898,[5.]
8899,[4.]
8900,[3.]
8901,[3.]
8902,[4.]
9040,[3.]
9041,[3.]
15305,[5.]
15306,[5.]
15443,[6.]
15444,[5.]
15445,[5.]
15446,[5.]
15447,[6.]
15583,[5.]
15584,[5.]
15585,[5.]
15586,[5.]
15587,[5.]
15588,[5.]
15724,[5.]
15725,[5.]
15726,[5.]
15727,[5.]
15728,[6.]
15729,[6.]
15864,[5.]
15865,[5.]
15866,[5.]
15867,[5.]
15868,[6.]
15869,[6.]
15870,[5.]
15871,[4.]
15873,[5.]
16004,[6.]
16005,[5.]
16006,[5.]
16007,[5.]
16008,[5.]
16009,[5.]
16010,[5.]
16011,[5.]
16012,[5.]
16013,[5.]
16014,[4.]
16146,[5.]
16147,[5.]
16148,[5.]
16149,[5.]
16150,[4.]
16151,[4.]
16152,[3.]
16153,[5.]
16154,[4.]
16286,[5.]
16287,[5.]
16288,[5.]
16289,[4.]
16290,[4.]
16291,[3.]
16292,[4.]
16293,[4.]
16294,[4.]
16426,[5.]
16427,[6.]
16428,[4.]
16429,[5.]
16430,[4.]
16433,[4.]
16565,[6.]
16566,[5.]
16567,[5.]
16568,[5.]
16569,[4.]
16707,[5.]
16708,[5.]
16709,[4.]
16848,[5.]
14896,[5.]
14899,[3.]
15036,[6.]
15037,[5.]
15038,[3.]
15039,[3.]
15175,[5.]
15176,[5.]
15177,[4.]
15178,[3.]
15179,[3.]
15315,[5.]
15455,[5.]
15595,[5.]
15735,[5.]
15316,[6.]
15317,[5.]
15318,[2.]
15319,[2.]
15320,[3.]
15456,[6.]
15457,[3.]
15458,[3.]
15459,[3.]
15460,[2.]
15461,[3.]
15596,[5.]
15597,[3.]
15598,[4.]
15599,[2.]
15600,[1.]
15601,[1.]
15736,[3.]
15737,[4.]
15738,[3.]
15739,[2.]
15740,[1.]
15741,[1.]
15877,[3.]
15878,[4.]
15879,[3.]
15880,[3.]
15881,[1.]
7649,[4.]
7650,[5.]
7651,[5.]
7652,[5.]
6525,[5.]
6665,[5.]
6666,[5.]
6667,[5.]
6804,[5.]
6805,[5.]
6806,[5.]
6807,[5.]
6940,[5.]
6941,[5.]
6942,[4.]
6943,[5.]
6944,[5.]
6945,[5.]
6946,[5.]
6947,[5.]
7077,[3.]
7078,[5.]
7079,[5.]
7080,[4.]
7081,[4.]
7082,[5.]
7083,[4.]
7084,[5.]
7085,[5.]
7086,[4.]
7087,[5.]
6390,[5.]
6391,[4.]
6392,[5.]
6528,[5.]
6529,[5.]
6530,[5.]
6531,[5.]
6532,[5.]
6668,[5.]
6669,[5.]
6670,[5.]
6671,[5.]
6672,[3.]
6673,[5.]
6674,[5.]
6808,[5.]
6809,[5.]
6810,[4.]
6811,[4.]
6812,[4.]
6813,[5.]
6814,[5.]
6948,[4.]
6949,[4.]
6950,[4.]
6951,[4.]
6952,[5.]
7088,[4.]
7089,[3.]
7090,[5.]
7091,[5.]
7092,[5.]
7217,[3.]
7218,[5.]
7219,[5.]
7220,[5.]
7221,[4.]
7222,[4.]
7223,[3.]
7224,[3.]
7225,[4.]
7226,[3.]
7227,[3.]
7228,[4.]
7229,[4.]
7230,[4.]
7231,[4.]
7232,[5.]
7359,[5.]
7363,[5.]
7364,[5.]
7365,[3.]
7366,[4.]
7367,[4.]
7368,[4.]
7369,[4.]
7370,[4.]
7371,[4.]
7372,[5.]
7506,[5.]
7507,[5.]
7508,[4.]
7509,[5.]
7510,[5.]
7511,[5.]
7512,[4.]
24266,[2.]
24405,[4.]
24406,[3.]
24545,[4.]
24546,[3.]
24407,[3.]
24547,[2.]
24685,[5.]
24686,[4.]
24687,[2.]
24688,[3.]
24824,[5.]
24825,[4.]
24826,[2.]
24827,[4.]
24828,[5.]
24963,[4.]
24964,[3.]
24965,[5.]
24966,[2.]
25103,[3.]
25104,[5.]
25105,[5.]
8083,[5.]
8084,[5.]
8085,[5.]
8223,[5.]
8224,[5.]
8225,[5.]
8363,[5.]
8364,[5.]
8365,[5.]
8503,[5.]
8504,[5.]
8505,[5.]
7109,[5.]
7110,[3.]
7247,[4.]
7248,[6.]
7249,[4.]
7250,[5.]
7251,[5.]
7385,[5.]
7386,[4.]
7387,[4.]
7388,[4.]
7389,[4.]
7390,[5.]
7391,[5.]
7524,[3.]
7525,[4.]
7526,[4.]
7527,[4.]
7528,[5.]
7529,[5.]
7530,[6.]
7531,[5.]
7664,[5.]
7665,[4.]
7666,[5.]
7667,[4.]
7668,[5.]
7669,[4.]
7670,[4.]
7671,[4.]
7804,[5.]
7805,[5.]
7806,[5.]
7807,[5.]
7808,[5.]
7809,[5.]
7810,[5.]
7811,[5.]
7943,[5.]
7944,[5.]
7945,[5.]
7946,[5.]
7947,[5.]
7948,[5.]
7949,[5.]
7950,[5.]
7951,[5.]
8086,[5.]
8087,[5.]
8088,[5.]
8089,[5.]
8090,[5.]
8226,[5.]
8227,[5.]
8228,[4.]
8229,[5.]
8230,[5.]
8366,[5.]
8367,[5.]
8368,[5.]
8369,[5.]
8370,[5.]
8371,[5.]
8506,[5.]
8507,[5.]
8508,[5.]
8509,[5.]
8510,[5.]
17986,[4.]
17987,[2.]
18125,[2.]
18126,[2.]
18261,[4.]
18262,[4.]
18263,[4.]
18264,[3.]
18265,[3.]
18266,[3.]
18400,[3.]
18401,[4.]
18402,[5.]
18403,[4.]
18404,[3.]
18405,[3.]
18406,[3.]
18407,[2.]
18537,[4.]
18538,[5.]
18539,[5.]
18540,[3.]
18541,[5.]
18542,[3.]
18543,[3.]
18544,[2.]
18545,[3.]
18546,[4.]
18547,[2.]
18681,[3.]
18682,[3.]
18683,[3.]
18684,[3.]
18685,[3.]
18821,[4.]
18822,[3.]
18823,[3.]
18824,[3.]
18961,[4.]
7961,[5.]
8098,[5.]
8099,[4.]
8100,[5.]
8101,[5.]
8102,[5.]
8237,[5.]
8238,[5.]
8239,[4.]
8240,[5.]
8241,[4.]
8242,[5.]
8378,[5.]
8379,[5.]
8380,[5.]
8381,[5.]
8382,[5.]
8383,[5.]
8519,[5.]
8520,[4.]
8521,[4.]
8522,[5.]
8660,[4.]
8661,[5.]
8662,[4.]
8799,[5.]
8800,[5.]
8801,[4.]
8802,[5.]
8803,[4.]
8938,[5.]
8939,[5.]
8940,[4.]
8941,[4.]
9080,[5.]
10187,[5.]
10188,[5.]
10189,[5.]
10190,[5.]
10328,[4.]
10329,[4.]
10330,[5.]
10331,[4.]
10332,[4.]
10468,[4.]
10469,[4.]
10470,[3.]
10471,[3.]
10472,[4.]
10473,[4.]
10608,[3.]
10609,[3.]
10610,[3.]
10611,[3.]
10612,[5.]
10613,[3.]
10748,[4.]
10749,[3.]
10750,[4.]
10751,[3.]
10752,[3.]
10753,[4.]
10754,[3.]
10889,[3.]
10890,[4.]
10891,[5.]
10892,[5.]
10893,[5.]
10894,[4.]
10895,[3.]
11029,[4.]
11030,[4.]
11031,[3.]
11032,[4.]
11033,[2.]
11034,[5.]
11035,[4.]
11168,[4.]
11169,[5.]
11170,[4.]
11171,[4.]
11172,[4.]
11173,[5.]
11309,[4.]
11310,[3.]
11311,[5.]
11312,[4.]
11450,[3.]
8091,[5.]
8231,[5.]
8511,[5.]
8377,[5.]
8517,[5.]
7672,[5.]
7673,[5.]
7812,[5.]
7813,[5.]
7814,[5.]
7815,[5.]
7952,[5.]
7953,[5.]
7954,[5.]
7955,[5.]
7956,[5.]
8092,[5.]
8093,[5.]
8094,[5.]
8095,[5.]
8096,[4.]
8232,[5.]
8233,[5.]
8234,[5.]
8235,[5.]
8236,[5.]
8372,[5.]
8373,[5.]
8374,[5.]
8375,[5.]
8376,[5.]
8512,[5.]
8513,[5.]
8514,[5.]
8515,[5.]
8516,[5.]
8652,[5.]
8653,[5.]
5127,[5.]
2897,[4.]
2898,[5.]
2899,[255.]
3036,[5.]
3037,[5.]
3038,[5.]
3039,[5.]
3040,[5.]
3176,[5.]
3177,[5.]
3178,[5.]
3179,[5.]
3180,[5.]
3181,[5.]
3315,[3.]
3316,[5.]
3317,[5.]
3318,[5.]
3319,[5.]
3320,[5.]
3321,[5.]
3446,[5.]
3454,[3.]
3455,[3.]
3456,[4.]
3457,[5.]
3458,[5.]
3459,[4.]
3460,[5.]
3461,[5.]
3586,[5.]
3587,[5.]
3588,[3.]
3589,[3.]
3590,[4.]
3592,[4.]
3593,[3.]
3594,[3.]
3595,[4.]
3596,[5.]
3597,[5.]
3598,[5.]
3599,[5.]
3600,[5.]
3601,[5.]
3726,[4.]
3727,[3.]
3728,[3.]
3729,[4.]
3730,[4.]
3731,[4.]
3732,[3.]
3733,[4.]
3734,[3.]
3735,[4.]
3736,[5.]
3737,[4.]
3738,[5.]
3739,[5.]
3740,[5.]
3741,[4.]
3865,[5.]
3866,[5.]
3867,[4.]
3868,[3.]
3869,[5.]
3870,[3.]
3871,[3.]
3872,[4.]
3873,[3.]
3874,[4.]
3875,[5.]
3876,[5.]
3877,[5.]
3878,[5.]
3879,[5.]
3880,[5.]
3881,[5.]
4005,[5.]
4006,[5.]
4007,[3.]
4008,[3.]
4009,[5.]
4010,[3.]
4011,[3.]
4012,[3.]
4013,[5.]
4014,[5.]
4015,[5.]
4016,[5.]
4017,[5.]
4018,[5.]
4019,[5.]
4020,[5.]
4021,[5.]
4144,[5.]
4145,[4.]
4146,[5.]
4147,[5.]
4148,[5.]
4149,[5.]
4150,[4.]
4151,[4.]
4152,[4.]
4153,[6.]
4154,[5.]
4155,[5.]
4156,[5.]
4157,[5.]
4158,[5.]
4159,[5.]
4160,[5.]
4284,[5.]
4285,[5.]
4286,[5.]
4287,[4.]
4288,[4.]
4289,[5.]
4290,[5.]
4291,[5.]
4292,[5.]
4293,[5.]
4294,[5.]
4295,[5.]
4296,[3.]
4297,[5.]
4298,[4.]
4299,[3.]
4423,[4.]
4424,[5.]
4425,[5.]
4426,[5.]
4427,[4.]
4428,[5.]
4429,[4.]
4430,[5.]
4431,[5.]
4432,[5.]
4433,[5.]
4434,[5.]
4435,[3.]
4436,[5.]
4563,[5.]
4564,[5.]
4565,[5.]
4566,[5.]
4567,[5.]
4568,[5.]
4569,[5.]
4570,[5.]
4571,[5.]
4572,[5.]
4573,[5.]
4574,[4.]
4575,[5.]
4705,[4.]
4706,[5.]
4707,[5.]
4708,[5.]
4709,[5.]
4710,[5.]
4711,[5.]
4712,[4.]
4713,[4.]
4714,[5.]
4846,[5.]
4847,[5.]
4848,[5.]
4849,[5.]
4850,[4.]
4851,[5.]
4987,[3.]
4988,[5.]
4989,[5.]
4990,[5.]
9078,[5.]
9079,[5.]
9081,[4.]
9217,[5.]
9218,[5.]
9219,[6.]
9220,[5.]
9221,[5.]
9357,[4.]
9358,[5.]
9359,[5.]
9360,[3.]
9361,[5.]
9497,[5.]
9498,[4.]
9499,[5.]
9500,[5.]
9501,[5.]
9502,[3.]
9503,[5.]
9637,[5.]
9638,[5.]
9639,[5.]
9640,[5.]
9641,[5.]
9642,[3.]
9643,[5.]
9777,[5.]
9778,[5.]
9779,[5.]
9780,[5.]
9781,[5.]
9782,[5.]
9918,[5.]
9919,[5.]
9920,[3.]
9921,[5.]
10059,[4.]
10060,[4.]
3421,[255.]
3422,[255.]
3423,[255.]
3424,[5.]
3425,[5.]
3426,[5.]
3427,[4.]
3428,[3.]
3561,[255.]
3562,[255.]
3563,[255.]
3564,[5.]
3565,[5.]
3566,[5.]
3567,[4.]
3568,[4.]
3700,[255.]
3701,[255.]
3702,[255.]
3703,[255.]
3704,[5.]
3705,[5.]
3706,[4.]
3707,[4.]
3708,[4.]
3840,[255.]
3841,[255.]
3842,[255.]
3843,[255.]
3844,[5.]
3845,[5.]
3846,[4.]
3847,[3.]
3979,[255.]
3980,[255.]
3981,[255.]
3982,[255.]
3983,[255.]
3984,[6.]
3985,[4.]
3986,[4.]
4119,[255.]
4120,[255.]
4121,[255.]
4122,[255.]
4123,[5.]
4124,[5.]
4125,[3.]
4126,[3.]
4259,[255.]
4260,[255.]
4261,[255.]
4262,[5.]
4263,[4.]
4264,[3.]
4265,[3.]
4266,[2.]
4398,[255.]
4399,[255.]
4400,[255.]
4401,[255.]
4402,[5.]
4403,[5.]
4404,[5.]
4405,[4.]
4406,[5.]
4538,[255.]
4539,[255.]
4540,[255.]
4541,[255.]
4542,[3.]
4543,[4.]
4544,[5.]
4545,[5.]
4546,[4.]
4679,[255.]
4680,[255.]
4681,[255.]
4682,[5.]
4683,[5.]
4684,[5.]
4685,[5.]
4686,[5.]
4819,[255.]
4820,[255.]
4821,[255.]
4822,[5.]
4823,[4.]
4824,[3.]
4825,[4.]
4826,[5.]
4959,[255.]
4960,[255.]
4961,[255.]
4962,[5.]
4963,[3.]
4964,[5.]
4965,[5.]
4966,[5.]
5100,[255.]
5101,[255.]
5102,[255.]
5103,[5.]
5104,[6.]
5105,[5.]
5240,[255.]
5241,[255.]
5242,[255.]
5243,[5.]
5244,[5.]
5245,[5.]
5380,[255.]
5381,[255.]
5382,[255.]
5383,[5.]
5384,[5.]
5520,[255.]
5521,[255.]
5522,[3.]
5523,[5.]
5524,[5.]
5660,[255.]
5661,[255.]
5662,[255.]
5663,[5.]
7758,[5.]
7893,[5.]
7894,[5.]
7895,[5.]
7896,[5.]
7897,[5.]
7898,[5.]
8034,[5.]
8035,[5.]
8036,[5.]
8037,[5.]
8038,[5.]
8039,[5.]
8174,[5.]
8175,[5.]
8176,[5.]
8177,[5.]
8178,[4.]
8179,[5.]
8315,[5.]
8316,[5.]
8317,[5.]
8318,[3.]
8455,[5.]
8456,[5.]
8457,[5.]
8595,[5.]
8596,[5.]
8736,[5.]
3182,[4.]
3322,[5.]
3462,[5.]
3602,[5.]
3742,[3.]
2494,[4.]
2495,[3.]
2632,[2.]
2633,[5.]
2634,[5.]
2635,[5.]
2767,[5.]
2768,[2.]
2769,[5.]
2770,[3.]
2771,[4.]
2772,[5.]
2773,[5.]
2774,[5.]
2905,[3.]
2906,[5.]
2907,[4.]
2908,[4.]
2909,[4.]
2910,[5.]
2911,[5.]
2912,[5.]
2913,[5.]
2914,[5.]
3043,[4.]
3044,[5.]
3045,[5.]
3046,[5.]
3047,[4.]
3048,[5.]
3049,[5.]
3050,[5.]
3051,[5.]
3052,[5.]
3053,[5.]
3054,[5.]
3183,[4.]
3184,[5.]
3185,[5.]
3186,[4.]
3187,[4.]
3188,[5.]
3189,[4.]
3190,[5.]
3191,[6.]
3192,[5.]
3193,[4.]
3194,[4.]
3323,[5.]
3324,[4.]
3325,[4.]
3326,[5.]
3327,[4.]
3328,[3.]
3329,[3.]
3330,[5.]
3331,[6.]
3332,[5.]
3333,[4.]
3334,[4.]
3335,[5.]
3336,[5.]
3337,[5.]
3463,[5.]
3464,[5.]
3465,[4.]
3466,[4.]
3467,[4.]
3468,[4.]
3469,[4.]
3470,[5.]
3471,[5.]
3472,[5.]
3473,[5.]
3474,[5.]
3475,[5.]
3476,[5.]
3477,[5.]
3478,[5.]
3603,[5.]
3604,[4.]
3605,[4.]
3606,[4.]
3607,[4.]
3608,[3.]
3609,[5.]
3610,[5.]
3611,[4.]
3612,[5.]
3613,[5.]
3614,[5.]
3615,[4.]
3616,[5.]
3743,[5.]
3744,[3.]
3745,[4.]
3746,[5.]
3747,[4.]
3748,[5.]
3749,[4.]
3750,[5.]
3751,[5.]
3752,[4.]
3753,[5.]
3754,[5.]
3755,[5.]
3885,[5.]
3886,[4.]
3888,[4.]
3889,[4.]
3890,[5.]
3891,[5.]
3892,[5.]
3893,[5.]
3894,[5.]
4028,[4.]
4029,[4.]
4030,[4.]
4031,[5.]
4032,[5.]
4033,[5.]
4034,[5.]
4170,[4.]
4171,[5.]
4172,[5.]
22038,[4.]
22039,[4.]
22040,[5.]
22041,[4.]
22042,[5.]
22043,[3.]
22044,[5.]
22045,[5.]
19938,[4.]
19939,[5.]
19940,[4.]
20077,[4.]
20078,[4.]
20079,[3.]
20080,[4.]
20081,[3.]
20216,[3.]
20217,[5.]
20218,[4.]
20219,[3.]
20220,[4.]
20221,[4.]
20356,[3.]
20357,[4.]
20358,[4.]
20359,[3.]
20360,[5.]
20361,[4.]
20496,[2.]
20497,[5.]
20498,[4.]
20499,[4.]
20500,[4.]
20501,[4.]
20636,[4.]
20637,[4.]
20638,[4.]
20639,[4.]
20640,[4.]
20775,[4.]
20776,[4.]
20777,[5.]
20778,[4.]
20779,[4.]
20780,[4.]
20781,[4.]
20914,[4.]
20915,[4.]
20916,[4.]
20917,[4.]
20918,[4.]
20919,[4.]
20920,[4.]
20921,[4.]
20922,[4.]
20923,[3.]
20924,[4.]
20925,[4.]
21054,[4.]
21055,[4.]
21056,[4.]
21057,[4.]
21058,[4.]
21059,[4.]
21060,[5.]
21061,[4.]
21062,[4.]
21063,[3.]
21064,[4.]
21065,[4.]
21194,[3.]
21195,[3.]
21196,[4.]
21197,[4.]
21198,[4.]
21199,[4.]
21200,[5.]
21201,[4.]
21202,[4.]
21203,[4.]
21204,[4.]
21205,[3.]
21206,[3.]
21335,[4.]
21336,[4.]
21337,[3.]
21338,[4.]
21339,[4.]
21340,[4.]
21341,[4.]
21342,[4.]
21343,[5.]
21344,[4.]
21345,[4.]
21476,[4.]
21477,[3.]
21478,[4.]
21479,[5.]
21480,[4.]
21481,[4.]
21482,[3.]
21483,[4.]
21484,[4.]
21485,[3.]
21616,[4.]
21617,[4.]
21618,[3.]
21619,[4.]
21620,[5.]
21621,[5.]
21622,[5.]
21623,[4.]
21624,[4.]
21625,[4.]
21756,[4.]
21757,[3.]
21758,[3.]
21759,[4.]
21760,[4.]
21761,[4.]
21762,[4.]
21763,[4.]
21764,[4.]
21765,[4.]
21896,[3.]
21897,[4.]
21898,[5.]
21899,[5.]
21900,[5.]
21901,[3.]
21902,[4.]
21903,[4.]
21904,[4.]
21905,[5.]
3617,[5.]
3618,[5.]
3756,[5.]
3757,[5.]
3758,[5.]
3895,[6.]
3896,[6.]
3897,[5.]
3898,[5.]
4035,[5.]
4036,[5.]
4037,[5.]
3619,[5.]
3620,[4.]
3759,[5.]
3760,[4.]
3899,[3.]
12121,[5.]
12401,[4.]
10848,[5.]
10988,[4.]
10989,[5.]
11127,[2.]
11128,[4.]
11129,[3.]
11130,[6.]
11131,[6.]
11133,[5.]
11134,[5.]
11135,[5.]
11268,[2.]
11269,[4.]
11270,[5.]
11271,[5.]
11272,[5.]
11273,[5.]
11274,[5.]
11275,[5.]
11276,[5.]
11277,[5.]
11278,[5.]
11409,[3.]
11410,[3.]
11411,[5.]
11412,[5.]
11413,[5.]
11414,[5.]
11415,[5.]
11416,[5.]
11417,[5.]
11418,[5.]
11549,[2.]
11550,[3.]
11551,[5.]
11552,[5.]
11553,[5.]
11554,[5.]
11555,[5.]
11556,[5.]
11557,[5.]
11558,[5.]
11559,[5.]
11689,[3.]
11690,[5.]
11691,[5.]
11692,[5.]
11693,[5.]
11694,[4.]
11695,[5.]
11696,[5.]
11697,[4.]
11698,[5.]
11699,[5.]
11829,[2.]
11830,[5.]
11831,[5.]
11832,[5.]
11833,[5.]
11834,[5.]
11835,[5.]
11836,[5.]
11837,[5.]
11838,[5.]
11839,[5.]
11969,[3.]
11970,[5.]
11971,[5.]
11972,[5.]
11973,[5.]
11974,[5.]
11975,[5.]
11976,[5.]
11977,[5.]
11978,[5.]
11979,[4.]
11980,[5.]
12109,[2.]
12110,[5.]
12111,[5.]
12112,[5.]
12113,[5.]
12114,[5.]
12115,[5.]
12116,[5.]
12117,[5.]
12118,[5.]
12119,[5.]
12120,[5.]
12249,[3.]
12250,[5.]
12251,[6.]
12252,[5.]
12253,[6.]
12254,[5.]
12255,[5.]
12256,[5.]
12257,[5.]
12258,[5.]
12259,[4.]
12260,[4.]
12389,[3.]
12390,[5.]
12391,[5.]
12392,[5.]
12393,[6.]
12394,[5.]
12395,[5.]
12396,[5.]
12397,[5.]
12398,[5.]
12399,[5.]
12400,[5.]
12530,[6.]
12531,[5.]
12532,[5.]
12533,[5.]
12534,[5.]
12535,[4.]
12536,[5.]
12537,[4.]
12538,[4.]
12539,[5.]
12669,[5.]
12670,[6.]
12671,[5.]
12672,[6.]
12673,[5.]
12674,[5.]
12814,[5.]
6953,[4.]
6954,[5.]
7093,[4.]
7094,[4.]
7233,[5.]
7234,[5.]
7373,[5.]
7374,[5.]
7513,[4.]
7514,[5.]
6398,[5.]
6537,[6.]
6538,[5.]
6677,[5.]
6678,[5.]
6817,[5.]
6818,[4.]
6819,[5.]
6955,[5.]
6956,[5.]
6957,[5.]
6958,[5.]
6959,[5.]
7095,[5.]
7096,[5.]
7097,[4.]
7098,[4.]
7099,[4.]
7100,[3.]
7235,[5.]
7236,[4.]
7237,[5.]
7238,[5.]
7239,[4.]
7240,[5.]
7241,[3.]
7375,[5.]
7376,[5.]
7377,[4.]
7378,[3.]
7379,[5.]
7516,[4.]
7517,[4.]
8075,[5.]
8076,[5.]
8077,[5.]
8215,[5.]
8216,[5.]
7655,[4.]
7794,[5.]
7795,[5.]
7934,[5.]
7935,[5.]
7383,[3.]
7384,[5.]
7523,[4.]
7663,[4.]
7803,[5.]
7380,[4.]
7381,[5.]
7515,[5.]
7518,[5.]
7519,[5.]
7520,[5.]
7521,[5.]
7656,[5.]
7657,[5.]
7658,[5.]
7659,[5.]
7660,[5.]
7661,[5.]
7382,[3.]
7522,[5.]
7662,[4.]
7796,[5.]
7797,[5.]
7798,[4.]
7799,[3.]
7800,[5.]
7801,[4.]
7802,[4.]
7936,[5.]
7937,[4.]
7938,[5.]
7939,[5.]
7940,[5.]
7941,[5.]
7942,[6.]
10973,[5.]
9297,[5.]
9298,[5.]
9434,[5.]
9435,[5.]
9436,[5.]
9437,[5.]
9438,[5.]
9574,[5.]
9575,[5.]
9576,[5.]
9577,[5.]
9578,[5.]
9713,[5.]
9714,[5.]
9715,[5.]
9716,[5.]
9717,[6.]
9718,[5.]
9849,[6.]
9850,[5.]
9851,[4.]
9852,[4.]
9853,[4.]
9854,[3.]
9855,[3.]
9856,[4.]
9857,[6.]
9989,[5.]
9990,[5.]
9991,[5.]
9992,[4.]
9993,[5.]
9994,[5.]
9995,[5.]
9996,[4.]
10128,[5.]
10129,[6.]
10130,[5.]
10131,[5.]
10132,[5.]
10133,[5.]
10134,[5.]
10135,[5.]
10136,[3.]
10137,[5.]
10269,[5.]
10270,[5.]
10271,[5.]
10272,[5.]
10273,[5.]
10274,[4.]
10275,[3.]
10276,[3.]
10277,[3.]
10278,[3.]
10410,[5.]
10411,[5.]
10412,[5.]
10413,[5.]
10414,[5.]
10415,[5.]
10416,[3.]
10417,[4.]
10418,[2.]
10551,[5.]
10552,[5.]
10553,[5.]
10554,[5.]
10555,[4.]
10556,[4.]
10557,[3.]
10558,[4.]
10692,[4.]
10693,[5.]
10694,[5.]
10695,[5.]
10696,[5.]
10697,[5.]
10698,[3.]
10832,[3.]
10833,[5.]
10834,[5.]
10835,[5.]
10974,[4.]
10975,[5.]
11114,[3.]
8846,[4.]
8986,[3.]
9126,[5.]
9266,[5.]
9406,[6.]
9546,[6.]
9547,[5.]
9686,[5.]
9687,[6.]
9688,[5.]
8284,[5.]
8285,[5.]
8421,[5.]
8422,[5.]
8423,[4.]
8424,[3.]
8425,[5.]
8558,[4.]
8559,[5.]
8560,[5.]
8561,[5.]
8562,[3.]
8563,[5.]
8564,[3.]
8565,[5.]
8696,[5.]
8697,[5.]
8698,[5.]
8699,[5.]
8700,[4.]
8701,[3.]
8702,[3.]
8703,[4.]
8704,[4.]
8705,[5.]
8834,[5.]
8835,[5.]
8836,[5.]
8837,[5.]
8838,[6.]
8839,[6.]
8840,[5.]
8841,[3.]
8842,[4.]
8843,[5.]
8844,[4.]
8845,[4.]
8974,[4.]
8975,[5.]
8976,[5.]
8977,[6.]
8978,[5.]
8979,[5.]
8980,[6.]
8981,[6.]
8982,[5.]
8983,[3.]
8984,[3.]
8985,[5.]
9114,[4.]
9115,[5.]
9116,[4.]
9117,[5.]
9118,[6.]
9119,[5.]
9120,[6.]
9121,[5.]
9122,[5.]
9123,[4.]
9124,[4.]
9125,[5.]
9255,[5.]
9256,[4.]
9257,[6.]
9258,[5.]
9259,[5.]
9260,[5.]
9261,[5.]
9262,[4.]
9263,[4.]
9264,[4.]
9265,[5.]
9396,[5.]
9397,[6.]
9398,[5.]
9399,[4.]
9400,[5.]
9401,[5.]
9402,[5.]
9403,[5.]
9404,[5.]
9405,[5.]
9536,[5.]
9537,[5.]
9538,[5.]
9539,[5.]
9540,[5.]
9541,[5.]
9542,[5.]
9543,[5.]
9544,[5.]
9545,[6.]
9676,[5.]
9677,[5.]
9678,[5.]
9679,[4.]
9680,[5.]
9681,[5.]
9682,[5.]
9683,[5.]
9684,[4.]
9685,[5.]
9816,[5.]
9817,[3.]
9821,[5.]
9822,[5.]
9823,[5.]
9824,[4.]
9825,[255.]
7735,[5.]
7736,[5.]
7737,[5.]
7738,[5.]
7739,[5.]
7740,[5.]
7741,[5.]
7742,[5.]
7743,[6.]
7875,[5.]
7876,[5.]
7877,[4.]
7878,[5.]
7879,[5.]
7880,[5.]
7881,[5.]
7882,[5.]
8016,[5.]
8017,[5.]
8018,[5.]
8019,[5.]
8020,[6.]
8021,[5.]
8022,[5.]
8023,[5.]
8158,[4.]
8159,[3.]
8160,[3.]
8161,[4.]
8162,[5.]
8298,[3.]
8299,[2.]
8300,[3.]
8301,[3.]
8302,[5.]
8303,[3.]
8439,[3.]
8440,[4.]
8441,[3.]
8442,[5.]
8443,[4.]
8580,[5.]
8581,[5.]
8582,[5.]
8583,[5.]
8720,[5.]
8721,[5.]
8722,[3.]
8723,[5.]
8860,[5.]
8861,[4.]
8862,[5.]
8863,[5.]
9001,[5.]
9002,[4.]
9003,[5.]
9142,[5.]
9143,[5.]
7185,[5.]
7323,[5.]
7324,[5.]
7325,[6.]
7326,[5.]
7460,[5.]
7461,[6.]
7462,[5.]
7463,[5.]
7464,[6.]
7598,[5.]
7599,[5.]
7600,[5.]
7601,[5.]
7602,[5.]
7603,[5.]
7604,[5.]
7744,[6.]
8165,[4.]
8304,[5.]
8305,[5.]
8444,[5.]
8584,[3.]
8724,[5.]
8864,[4.]
8865,[3.]
9004,[3.]
9005,[3.]
22046,[5.]
22047,[4.]
22186,[5.]
22187,[5.]
22326,[5.]
22327,[5.]
22747,[5.]
22887,[4.]
22188,[5.]
22328,[5.]
22329,[6.]
22330,[5.]
22468,[6.]
22469,[5.]
22470,[6.]
22608,[5.]
22609,[5.]
22610,[6.]
22748,[5.]
22749,[5.]
11393,[5.]
11533,[5.]
11673,[5.]
11813,[5.]
11953,[5.]
12373,[5.]
11254,[5.]
11255,[5.]
11256,[255.]
11394,[5.]
11395,[5.]
11396,[5.]
11397,[4.]
11398,[3.]
11534,[5.]
11535,[5.]
11536,[5.]
11537,[4.]
11538,[4.]
11539,[4.]
11540,[3.]
11674,[6.]
11675,[5.]
11676,[5.]
11677,[4.]
11678,[4.]
11679,[4.]
11680,[3.]
11814,[5.]
11815,[6.]
11816,[3.]
11817,[4.]
11818,[4.]
11954,[5.]
11955,[5.]
11956,[5.]
11957,[4.]
12094,[5.]
12095,[5.]
12096,[5.]
12097,[4.]
12234,[5.]
12235,[5.]
12236,[5.]
12374,[5.]
12375,[5.]
12376,[5.]
7823,[5.]
7962,[5.]
7963,[5.]
8103,[5.]
8243,[5.]
7827,[4.]
7964,[5.]
7965,[5.]
7966,[5.]
7967,[5.]
8104,[5.]
8105,[5.]
8106,[5.]
8107,[3.]
8244,[5.]
8245,[4.]
8246,[5.]
14482,[3.]
14622,[5.]
14761,[2.]
14762,[5.]
14902,[5.]
15042,[5.]
15181,[2.]
15182,[5.]
14483,[5.]
14623,[4.]
14624,[4.]
14625,[4.]
14626,[4.]
14627,[4.]
14628,[3.]
14629,[4.]
14763,[5.]
14764,[4.]
14765,[4.]
14766,[4.]
14767,[3.]
14768,[4.]
14769,[4.]
14770,[4.]
14903,[4.]
14904,[4.]
14905,[5.]
14906,[4.]
14907,[4.]
14908,[4.]
14909,[3.]
14910,[4.]
14911,[3.]
14912,[3.]
15043,[5.]
15044,[5.]
15045,[5.]
15046,[4.]
15047,[4.]
15048,[3.]
15049,[3.]
15050,[3.]
15051,[3.]
15052,[3.]
15183,[4.]
15184,[5.]
15185,[4.]
15186,[4.]
15187,[4.]
15188,[3.]
15189,[3.]
15190,[2.]
15191,[3.]
15192,[2.]
15323,[4.]
15324,[4.]
15325,[4.]
15326,[4.]
15327,[4.]
15328,[4.]
15329,[3.]
15330,[2.]
15331,[2.]
15464,[4.]
15465,[3.]
15466,[3.]
15467,[3.]
15468,[3.]
15469,[2.]
15470,[3.]
15607,[3.]
15608,[3.]
15609,[3.]
8338,[3.]
8478,[4.]
8479,[4.]
8618,[3.]
8758,[3.]
9038,[5.]
9039,[5.]
7633,[3.]
7634,[3.]
7772,[5.]
7773,[2.]
7774,[3.]
7775,[3.]
7913,[3.]
7914,[3.]
7915,[3.]
8054,[2.]
8055,[3.]
8056,[3.]
8057,[3.]
8195,[2.]
8196,[4.]
8197,[3.]
8335,[2.]
8336,[3.]
8337,[3.]
8475,[3.]
8476,[3.]
8477,[4.]
8615,[3.]
8616,[3.]
8617,[3.]
8754,[2.]
8755,[3.]
8756,[3.]
8757,[5.]
8894,[2.]
8895,[3.]
8896,[6.]
8897,[6.]
9034,[4.]
9035,[3.]
9036,[5.]
9037,[5.]
9174,[2.]
9175,[4.]
9176,[3.]
9177,[4.]
9178,[3.]
9179,[4.]
9315,[4.]
9316,[3.]
9317,[4.]
9318,[3.]
9319,[4.]
6507,[6.]
6508,[6.]
6509,[5.]
6647,[5.]
6648,[5.]
5951,[5.]
6091,[5.]
6092,[5.]
6093,[5.]
6231,[5.]
6232,[5.]
6233,[5.]
6371,[5.]
6372,[5.]
5803,[5.]
5805,[5.]
5943,[5.]
5944,[5.]
5945,[5.]
5946,[6.]
5947,[5.]
5948,[5.]
5949,[5.]
5950,[5.]
6083,[5.]
6084,[5.]
6085,[5.]
6086,[6.]
6087,[6.]
6088,[5.]
6089,[5.]
6090,[5.]
6224,[5.]
6225,[5.]
6226,[5.]
6227,[5.]
6228,[5.]
6229,[5.]
6230,[5.]
6364,[3.]
6365,[5.]
6366,[5.]
6367,[5.]
6368,[5.]
6369,[5.]
6370,[5.]
6505,[5.]
6506,[6.]
6646,[4.]
9352,[5.]
9353,[5.]
9354,[4.]
9355,[5.]
9356,[5.]
9490,[5.]
9491,[5.]
9492,[4.]
9493,[5.]
9494,[5.]
9495,[4.]
9496,[5.]
9631,[5.]
9632,[5.]
9633,[5.]
9634,[5.]
9635,[5.]
9636,[5.]
8518,[5.]
8657,[5.]
8658,[5.]
8659,[5.]
8797,[5.]
8798,[5.]
8937,[4.]
9077,[5.]
8654,[5.]
8655,[5.]
8656,[5.]
8936,[5.]
9076,[5.]
9216,[4.]
8794,[5.]
8795,[5.]
8796,[5.]
8934,[5.]
8935,[5.]
9073,[5.]
9074,[5.]
9075,[5.]
9213,[5.]
9214,[5.]
9215,[5.]
15164,[5.]
15165,[4.]
15166,[255.]
15167,[5.]
15304,[5.]
15307,[5.]
14045,[5.]
14184,[5.]
14185,[5.]
14186,[5.]
14187,[5.]
14324,[5.]
14325,[5.]
14326,[5.]
14327,[5.]
14328,[5.]
14465,[5.]
14466,[5.]
14467,[5.]
14468,[5.]
14604,[5.]
14605,[4.]
14606,[5.]
14607,[5.]
14608,[5.]
14742,[5.]
14743,[6.]
14744,[6.]
14745,[5.]
14746,[5.]
14747,[6.]
14748,[5.]
14882,[6.]
14883,[5.]
14884,[5.]
14885,[5.]
14886,[6.]
14887,[5.]
14888,[5.]
15024,[5.]
15025,[5.]
15026,[5.]
15027,[6.]
15028,[5.]
23026,[2.]
23027,[2.]
23164,[5.]
23165,[5.]
23166,[4.]
23167,[4.]
23299,[3.]
23300,[3.]
23301,[5.]
23302,[5.]
23303,[5.]
23304,[5.]
23305,[5.]
23306,[5.]
23307,[5.]
23440,[4.]
23441,[5.]
23442,[4.]
23443,[5.]
23444,[5.]
23445,[5.]
23446,[255.]
23030,[6.]
23031,[6.]
23169,[5.]
23170,[6.]
23308,[5.]
23309,[6.]
23448,[255.]
23449,[6.]
9602,[5.]
9604,[5.]
9743,[5.]
9744,[5.]
9745,[5.]
9883,[5.]
9884,[5.]
9885,[5.]
10023,[5.]
10024,[5.]
10025,[5.]
10163,[5.]
10164,[5.]
10165,[5.]
10166,[5.]
10167,[5.]
10304,[5.]
10305,[5.]
10306,[5.]
10307,[5.]
10447,[5.]
9053,[5.]
9054,[5.]
9055,[5.]
9193,[5.]
9194,[5.]
9195,[5.]
9333,[5.]
9334,[5.]
8912,[5.]
9049,[5.]
9050,[5.]
9051,[5.]
9052,[5.]
9190,[6.]
9191,[5.]
9192,[5.]
9330,[5.]
9331,[5.]
9332,[5.]
9470,[5.]
9471,[5.]
9472,[5.]
9473,[5.]
9474,[5.]
9475,[5.]
9476,[5.]
9477,[5.]
9609,[5.]
9610,[5.]
9611,[5.]
9612,[5.]
9613,[5.]
9614,[5.]
9615,[5.]
9616,[5.]
9617,[5.]
9751,[5.]
9752,[5.]
9753,[5.]
9754,[5.]
9755,[5.]
9756,[5.]
9757,[5.]
9891,[5.]
9892,[5.]
9893,[5.]
9894,[5.]
9895,[5.]
9896,[5.]
9897,[5.]
10031,[5.]
10032,[5.]
10033,[5.]
10034,[5.]
10035,[5.]
10036,[5.]
10037,[5.]
10038,[5.]
10172,[5.]
10173,[5.]
10174,[5.]
10175,[5.]
10176,[5.]
10177,[5.]
10178,[4.]
10314,[5.]
10315,[5.]
10316,[5.]
10317,[5.]
10454,[5.]
10455,[5.]
10456,[5.]
10457,[5.]
9283,[5.]
9423,[5.]
9288,[3.]
9289,[5.]
9290,[5.]
9291,[5.]
9292,[4.]
9293,[5.]
9294,[5.]
9428,[2.]
9429,[2.]
9430,[4.]
9431,[5.]
9432,[5.]
9433,[5.]
9568,[5.]
9569,[3.]
9570,[3.]
9571,[3.]
9572,[5.]
9573,[5.]
9708,[5.]
9709,[4.]
9710,[5.]
9711,[3.]
9712,[5.]
9848,[6.]
9988,[5.]
9006,[5.]
9144,[5.]
9145,[3.]
9146,[4.]
9284,[5.]
9285,[5.]
9286,[3.]
8872,[5.]
9007,[3.]
9013,[5.]
9147,[2.]
9148,[5.]
9149,[4.]
9150,[5.]
9152,[5.]
9153,[5.]
9154,[5.]
9287,[4.]
9424,[6.]
9425,[5.]
9426,[5.]
9427,[3.]
9564,[6.]
9565,[5.]
9566,[5.]
9567,[5.]
9704,[5.]
9705,[6.]
9706,[5.]
9707,[5.]
9846,[6.]
9847,[5.]
9987,[6.]
17420,[3.]
17421,[3.]
15874,[5.]
15875,[4.]
16015,[4.]
16155,[4.]
15876,[4.]
16016,[4.]
16017,[3.]
16018,[4.]
16019,[3.]
16020,[3.]
16021,[1.]
16022,[1.]
16156,[3.]
16157,[4.]
16158,[4.]
16159,[3.]
16160,[3.]
16161,[1.]
16162,[1.]
16163,[2.]
16297,[5.]
16298,[3.]
16299,[3.]
16300,[3.]
16301,[1.]
16302,[1.]
16303,[2.]
16436,[5.]
16437,[4.]
16438,[3.]
16439,[5.]
16440,[3.]
16441,[1.]
16442,[1.]
16443,[2.]
16576,[4.]
16577,[3.]
16578,[3.]
16579,[3.]
16580,[2.]
16581,[1.]
16582,[1.]
16583,[1.]
16716,[3.]
16717,[4.]
16718,[3.]
16719,[3.]
16720,[3.]
16721,[1.]
16722,[1.]
16857,[4.]
16858,[5.]
16859,[2.]
16860,[3.]
16861,[2.]
16862,[3.]
16863,[2.]
16998,[5.]
16999,[3.]
17000,[3.]
17001,[3.]
17002,[4.]
17138,[3.]
17139,[4.]
17140,[2.]
17141,[3.]
17142,[3.]
17143,[255.]
17279,[2.]
17280,[3.]
17281,[3.]
17283,[255.]
9749,[5.]
9750,[5.]
9889,[5.]
9890,[5.]
10029,[5.]
10030,[5.]
10169,[5.]
10170,[5.]
10171,[5.]
10309,[5.]
10310,[5.]
10311,[5.]
10312,[5.]
10313,[5.]
10449,[5.]
10450,[5.]
10451,[5.]
10452,[5.]
10453,[5.]
9608,[5.]
9748,[5.]
9888,[5.]
10028,[5.]
10168,[5.]
10308,[5.]
10448,[5.]
10588,[5.]
10589,[5.]
10590,[5.]
10591,[5.]
10592,[5.]
10593,[5.]
10594,[5.]
10595,[5.]
10596,[4.]
10728,[5.]
10729,[5.]
10730,[5.]
10731,[5.]
10732,[4.]
10733,[5.]
10734,[5.]
10735,[5.]
10736,[5.]
10870,[5.]
10871,[5.]
10872,[5.]
10873,[5.]
10874,[5.]
10875,[5.]
10876,[4.]
11011,[5.]
11012,[5.]
11013,[5.]
11014,[5.]
11015,[5.]
11016,[5.]
11153,[4.]
11154,[5.]
11155,[5.]
12807,[3.]
12525,[4.]
12526,[3.]
12664,[4.]
12665,[4.]
12666,[4.]
12803,[4.]
12804,[4.]
12805,[3.]
12806,[3.]
12943,[4.]
12944,[4.]
12945,[4.]
12946,[4.]
12947,[2.]
12948,[3.]
12949,[3.]
13084,[3.]
13085,[5.]
13086,[2.]
13087,[2.]
13088,[3.]
13089,[4.]
13090,[1.]
13224,[4.]
13225,[4.]
13226,[2.]
13227,[2.]
13364,[3.]
13365,[2.]
13366,[1.]
13504,[3.]
13505,[3.]
13244,[255.]
13245,[2.]
13384,[2.]
13385,[2.]
13524,[4.]
13525,[2.]
13664,[255.]
16704,[6.]
16705,[5.]
16706,[5.]
16844,[5.]
16845,[6.]
16846,[6.]
16847,[5.]
16849,[4.]
16850,[5.]
16984,[5.]
16985,[6.]
16986,[6.]
16987,[5.]
16988,[5.]
16989,[3.]
17123,[5.]
17124,[5.]
17125,[5.]
17126,[5.]
17127,[5.]
17263,[6.]
17264,[5.]
17265,[6.]
17266,[5.]
17401,[5.]
17402,[5.]
17403,[6.]
17404,[5.]
17405,[6.]
17406,[5.]
17540,[5.]
17541,[5.]
17542,[5.]
17543,[5.]
17544,[4.]
17545,[5.]
17546,[4.]
17681,[5.]
17682,[5.]
17683,[4.]
17684,[5.]
17685,[4.]
17686,[3.]
17821,[4.]
3848,[4.]
3987,[4.]
3988,[4.]
4127,[4.]
4128,[5.]
4267,[3.]
4268,[3.]
4407,[4.]
4408,[4.]
4547,[5.]
4548,[5.]
4687,[4.]
4688,[5.]
4827,[5.]
4828,[5.]
4967,[5.]
4968,[5.]
5106,[5.]
5107,[5.]
5108,[5.]
5246,[5.]
5247,[5.]
5248,[5.]
5385,[5.]
5386,[5.]
5387,[5.]
5388,[5.]
5525,[5.]
5526,[5.]
5527,[5.]
5528,[5.]
5664,[5.]
5665,[5.]
5666,[5.]
5667,[5.]
5668,[5.]
5804,[5.]
5806,[5.]
5807,[4.]
5808,[5.]
3153,[2.]
3154,[3.]
3292,[3.]
3293,[4.]
3294,[3.]
3295,[5.]
3296,[3.]
3429,[5.]
3430,[5.]
3431,[3.]
3432,[3.]
3433,[5.]
3434,[5.]
3435,[5.]
3436,[3.]
3437,[3.]
3569,[5.]
3570,[5.]
3571,[3.]
3572,[5.]
3573,[3.]
3574,[5.]
3575,[5.]
3576,[5.]
3577,[3.]
3578,[3.]
3709,[4.]
3710,[4.]
3711,[4.]
3712,[5.]
3713,[5.]
3714,[5.]
3715,[5.]
3716,[4.]
3717,[4.]
3849,[4.]
3850,[5.]
3851,[5.]
3852,[5.]
3853,[5.]
3854,[5.]
3855,[4.]
3856,[5.]
3989,[4.]
3990,[5.]
3991,[4.]
3992,[3.]
3993,[5.]
3994,[5.]
3995,[5.]
3996,[4.]
4129,[5.]
4130,[5.]
4131,[5.]
4132,[5.]
4133,[5.]
4134,[5.]
4135,[4.]
4269,[5.]
4270,[4.]
4271,[5.]
4272,[5.]
4273,[5.]
4274,[5.]
4409,[5.]
4410,[5.]
4411,[5.]
4412,[5.]
4549,[5.]
4550,[4.]
4551,[5.]
4689,[5.]
4690,[5.]
4691,[5.]
4829,[4.]
4830,[4.]
4969,[5.]
4970,[5.]
5109,[4.]
5249,[5.]
5389,[5.]
5529,[4.]
14613,[5.]
14753,[5.]
14754,[5.]
14893,[6.]
14894,[5.]
14895,[5.]
15033,[6.]
15034,[5.]
15035,[6.]
15173,[5.]
15174,[6.]
15168,[6.]
15169,[5.]
15170,[6.]
15171,[6.]
15172,[6.]
15308,[5.]
15309,[6.]
15310,[6.]
15311,[6.]
15312,[6.]
15313,[6.]
15314,[6.]
15448,[5.]
15449,[6.]
15450,[6.]
15451,[5.]
15452,[5.]
15453,[5.]
15454,[5.]
15589,[6.]
15590,[6.]
15591,[6.]
15592,[5.]
15593,[5.]
15594,[5.]
15730,[5.]
15731,[5.]
15732,[5.]
15733,[5.]
15734,[5.]
15872,[5.]
14609,[6.]
14610,[5.]
14611,[5.]
14612,[6.]
14749,[5.]
14750,[5.]
14751,[6.]
14752,[5.]
14889,[5.]
14890,[5.]
14891,[5.]
14892,[6.]
15029,[5.]
15030,[5.]
15031,[6.]
15032,[5.]
22750,[6.]
22888,[3.]
22889,[5.]
22890,[3.]
23028,[5.]
23029,[4.]
23168,[5.]
22472,[3.]
22611,[5.]
22612,[5.]
22751,[5.]
22752,[5.]
22891,[4.]
22892,[5.]
8764,[5.]
8765,[4.]
8766,[4.]
8767,[5.]
8768,[4.]
8769,[5.]
8904,[5.]
8905,[5.]
8906,[5.]
8907,[5.]
8908,[5.]
8909,[5.]
8903,[5.]
9042,[5.]
9043,[4.]
9044,[4.]
9045,[5.]
9046,[5.]
9180,[5.]
9462,[5.]
9463,[5.]
9464,[5.]
9465,[5.]
9466,[5.]
9467,[5.]
9603,[5.]
9605,[5.]
9606,[5.]
9607,[5.]
9746,[5.]
9747,[5.]
9886,[5.]
9887,[5.]
10026,[5.]
10027,[5.]
9189,[6.]
9329,[5.]
9469,[5.]
9047,[5.]
9048,[5.]
9181,[5.]
9182,[5.]
9183,[5.]
9184,[5.]
9185,[5.]
9186,[5.]
9187,[5.]
9188,[5.]
9322,[5.]
9323,[5.]
9324,[6.]
9325,[5.]
9326,[5.]
9327,[5.]
9328,[5.]
9468,[5.]
9056,[5.]
9196,[5.]
9197,[5.]
9198,[5.]
9335,[5.]
9336,[5.]
9337,[5.]
9338,[5.]
9339,[5.]
10046,[5.]
10186,[5.]
10326,[5.]
10327,[5.]
10467,[4.]
9478,[5.]
9618,[5.]
9758,[5.]
9898,[5.]
10318,[5.]
10458,[5.]
10597,[5.]
10737,[5.]
10877,[4.]
9479,[5.]
9480,[5.]
9481,[5.]
9619,[5.]
9620,[5.]
9621,[5.]
9622,[5.]
9759,[5.]
9760,[5.]
9761,[5.]
9762,[4.]
9763,[5.]
9764,[5.]
9899,[4.]
9900,[5.]
9901,[5.]
9902,[5.]
9903,[4.]
9904,[5.]
9905,[5.]
10039,[5.]
10040,[5.]
10041,[5.]
10042,[5.]
10043,[5.]
10044,[6.]
10045,[5.]
10179,[5.]
10180,[5.]
10181,[5.]
10182,[5.]
10183,[5.]
10184,[5.]
10185,[3.]
10319,[5.]
10320,[4.]
10321,[5.]
10322,[5.]
10323,[5.]
10324,[4.]
10325,[5.]
10459,[5.]
10460,[5.]
10461,[6.]
10462,[5.]
10463,[5.]
10464,[5.]
10465,[5.]
10598,[5.]
10599,[5.]
10600,[5.]
10601,[5.]
10602,[5.]
10603,[5.]
10738,[4.]
10739,[5.]
10740,[5.]
10741,[5.]
10742,[5.]
10743,[4.]
10878,[5.]
10879,[5.]
10880,[5.]
12510,[5.]
12511,[4.]
12512,[5.]
12513,[5.]
13633,[4.]
13634,[5.]
13636,[5.]
13637,[6.]
13773,[5.]
13913,[4.]
14053,[4.]
14193,[5.]
12514,[5.]
12515,[5.]
12516,[5.]
12647,[5.]
12648,[5.]
12649,[5.]
12650,[5.]
12651,[5.]
12652,[4.]
12653,[5.]
12654,[5.]
12655,[5.]
12656,[5.]
12787,[5.]
12788,[4.]
12789,[5.]
12790,[4.]
12791,[4.]
12792,[4.]
12793,[5.]
12794,[5.]
12795,[5.]
12796,[5.]
12928,[5.]
12929,[5.]
12930,[5.]
12931,[5.]
12932,[4.]
12933,[4.]
12934,[4.]
12935,[5.]
12936,[5.]
13068,[5.]
13069,[5.]
13070,[5.]
13071,[5.]
13072,[4.]
13073,[4.]
13074,[4.]
13075,[5.]
13076,[5.]
13208,[5.]
13209,[5.]
13210,[5.]
13211,[5.]
13212,[5.]
13213,[5.]
13214,[5.]
13215,[5.]
13216,[5.]
13217,[5.]
13349,[5.]
13350,[5.]
13351,[5.]
13352,[5.]
13353,[4.]
13354,[4.]
13355,[5.]
13356,[5.]
13357,[5.]
13489,[5.]
13490,[5.]
13491,[5.]
13492,[3.]
13493,[5.]
13494,[5.]
13495,[5.]
13496,[4.]
13497,[5.]
13629,[5.]
13630,[5.]
13631,[5.]
13632,[4.]
13769,[5.]
13770,[5.]
13771,[4.]
13772,[5.]
13909,[5.]
13910,[5.]
13911,[4.]
13912,[5.]
14050,[5.]
14051,[5.]
14052,[5.]
14190,[5.]
14191,[5.]
14192,[5.]
14330,[5.]
14331,[5.]
14332,[5.]
14469,[5.]
14470,[5.]
14471,[5.]
14472,[5.]
5120,[5.]
5121,[5.]
5125,[3.]
5126,[5.]
3444,[5.]
3445,[4.]
3583,[5.]
3584,[5.]
3585,[5.]
3723,[5.]
3724,[5.]
3725,[5.]
3863,[5.]
3864,[5.]
4003,[5.]
4004,[5.]
4143,[5.]
4283,[5.]
4703,[5.]
4704,[5.]
4843,[5.]
4844,[5.]
4845,[5.]
4983,[5.]
4984,[5.]
4985,[5.]
4986,[4.]
3718,[4.]
3857,[4.]
3858,[5.]
3997,[4.]
3998,[4.]
4136,[5.]
4137,[4.]
4138,[4.]
4275,[4.]
4276,[5.]
4277,[4.]
4278,[5.]
4415,[4.]
4416,[5.]
4417,[5.]
4418,[4.]
4555,[5.]
4556,[5.]
4557,[5.]
4558,[5.]
4695,[5.]
4696,[5.]
4697,[5.]
4698,[5.]
4835,[5.]
4836,[5.]
4837,[5.]
4838,[5.]
4975,[5.]
4976,[5.]
4977,[5.]
4978,[5.]
3579,[4.]
3580,[5.]
3719,[5.]
3720,[4.]
3721,[5.]
3722,[4.]
3859,[3.]
3860,[5.]
3861,[5.]
3862,[5.]
3999,[3.]
4000,[5.]
4001,[5.]
4002,[5.]
4139,[4.]
4140,[3.]
4141,[5.]
4142,[4.]
4279,[5.]
4280,[4.]
4281,[5.]
4282,[5.]
4419,[3.]
4420,[5.]
4421,[5.]
4422,[5.]
4559,[5.]
4560,[5.]
4561,[5.]
4562,[5.]
4699,[5.]
4700,[5.]
4701,[5.]
4702,[5.]
4839,[5.]
4840,[5.]
4841,[5.]
4842,[5.]
4979,[5.]
4980,[5.]
4981,[5.]
4982,[5.]
12681,[4.]
12821,[4.]
12822,[3.]
12961,[2.]
12962,[2.]
12963,[1.]
13101,[2.]
13102,[2.]
13103,[2.]
13241,[2.]
13242,[2.]
13243,[2.]
12540,[5.]
12675,[5.]
12676,[4.]
12677,[4.]
12678,[4.]
12679,[3.]
12680,[4.]
12809,[3.]
12810,[5.]
12811,[6.]
12812,[5.]
12813,[5.]
12815,[4.]
12816,[3.]
12817,[4.]
12818,[3.]
12819,[3.]
12820,[4.]
12950,[5.]
12951,[5.]
12952,[5.]
12953,[5.]
12954,[4.]
12955,[4.]
12956,[3.]
12957,[3.]
12958,[3.]
12959,[3.]
12960,[3.]
13091,[5.]
13092,[5.]
13093,[4.]
13094,[4.]
13095,[3.]
13096,[3.]
13097,[3.]
13098,[3.]
13099,[3.]
13100,[2.]
13231,[2.]
13232,[2.]
13233,[4.]
13234,[2.]
13235,[2.]
13236,[2.]
13237,[2.]
13238,[2.]
13239,[2.]
13240,[2.]
13373,[2.]
13374,[2.]
13375,[2.]
13376,[2.]
13377,[2.]
13378,[2.]
13379,[2.]
13380,[2.]
13381,[2.]
13382,[2.]
13383,[2.]
13516,[2.]
13517,[2.]
13518,[2.]
13523,[2.]
18686,[4.]
18687,[3.]
18825,[3.]
18826,[3.]
18827,[3.]
18962,[3.]
18963,[2.]
18964,[3.]
18965,[4.]
18966,[3.]
18967,[3.]
19799,[5.]
19800,[4.]
19801,[4.]
19802,[3.]
18688,[255.]
18828,[5.]
18968,[5.]
18969,[5.]
19102,[3.]
19103,[3.]
19104,[3.]
19105,[3.]
19106,[4.]
19107,[3.]
19108,[4.]
19109,[4.]
19111,[255.]
19242,[3.]
19243,[3.]
19244,[4.]
19245,[3.]
19246,[3.]
19247,[3.]
19248,[4.]
19382,[3.]
19383,[3.]
19384,[3.]
19385,[4.]
19386,[3.]
19387,[3.]
19521,[2.]
19522,[3.]
19523,[3.]
19524,[3.]
19525,[4.]
19526,[3.]
19660,[4.]
19661,[3.]
19662,[3.]
19663,[3.]
12505,[5.]
14046,[5.]
14047,[5.]
14048,[5.]
14188,[5.]
12927,[5.]
13067,[5.]
13207,[5.]
13347,[5.]
13348,[5.]
13487,[5.]
13488,[5.]
13627,[5.]
13628,[5.]
13767,[5.]
13768,[5.]
13907,[5.]
13908,[5.]
14049,[5.]
14189,[5.]
14329,[5.]
12644,[5.]
12645,[5.]
12646,[5.]
12785,[5.]
12786,[6.]
12925,[6.]
12926,[6.]
13065,[6.]
13066,[5.]
13204,[6.]
13205,[5.]
13206,[5.]
13344,[5.]
13345,[6.]
13346,[5.]
13484,[5.]
13485,[5.]
13486,[5.]
13625,[5.]
13626,[5.]
13765,[5.]
13766,[5.]
13905,[5.]
13906,[5.]
8523,[5.]
8663,[6.]
8942,[5.]
8943,[5.]
9082,[5.]
9083,[5.]
9222,[5.]
9223,[4.]
9362,[5.]
9363,[5.]
8247,[5.]
8384,[5.]
8385,[4.]
8386,[4.]
8387,[5.]
8524,[5.]
8525,[4.]
8526,[5.]
8664,[5.]
8665,[5.]
8666,[3.]
8804,[5.]
8805,[3.]
8806,[4.]
8944,[4.]
9084,[5.]
9085,[5.]
9224,[5.]
9225,[4.]
9364,[5.]
9504,[2.]
24967,[5.]
25106,[2.]
25243,[3.]
25244,[5.]
25245,[1.]
25384,[5.]
25385,[1.]
10860,[5.]
10861,[5.]
11001,[5.]
10162,[5.]
10302,[5.]
10303,[5.]
10442,[5.]
10443,[5.]
10444,[5.]
10445,[5.]
10446,[5.]
10021,[3.]
10160,[5.]
10161,[5.]
10300,[4.]
10301,[5.]
10439,[5.]
10440,[5.]
10441,[5.]
10579,[5.]
10580,[5.]
10581,[5.]
10582,[5.]
10583,[5.]
10584,[5.]
10585,[5.]
10586,[5.]
10587,[5.]
10720,[5.]
10721,[5.]
10722,[5.]
10723,[5.]
10724,[5.]
10725,[5.]
10726,[5.]
10727,[5.]
10862,[5.]
10863,[5.]
10864,[5.]
10865,[5.]
10866,[5.]
10867,[5.]
11002,[4.]
11003,[4.]
11004,[5.]
11005,[5.]
11006,[4.]
11007,[5.]
11143,[5.]
11144,[5.]
11145,[5.]
11146,[4.]
11286,[4.]
11426,[4.]
11819,[4.]
11820,[3.]
11958,[4.]
11959,[4.]
11960,[4.]
12098,[4.]
12099,[3.]
12100,[4.]
12239,[4.]
12240,[4.]
12379,[3.]
12380,[4.]
12383,[4.]
12384,[3.]
12385,[4.]
12523,[4.]
12524,[4.]
12663,[4.]
11681,[3.]
11682,[4.]
11683,[2.]
11821,[3.]
11822,[4.]
11823,[4.]
11824,[3.]
11961,[4.]
11962,[4.]
11963,[4.]
11964,[3.]
12101,[3.]
12102,[3.]
12103,[4.]
12104,[4.]
12241,[4.]
12242,[4.]
12243,[3.]
12244,[4.]
12245,[255.]
12381,[4.]
12382,[3.]
12521,[4.]
12522,[4.]
14342,[3.]
14484,[4.]
14485,[4.]
14486,[4.]
14487,[4.]
14488,[4.]
14489,[4.]
14490,[4.]
14491,[4.]
14492,[3.]
14493,[3.]
14630,[3.]
14631,[3.]
14632,[3.]
14633,[2.]
14771,[3.]
14772,[3.]
14773,[2.]
14913,[1.]
13228,[2.]
13229,[5.]
13367,[4.]
13368,[5.]
13369,[4.]
13506,[4.]
13507,[4.]
13508,[5.]
13509,[4.]
13645,[2.]
13646,[4.]
13647,[5.]
13648,[4.]
13649,[5.]
13784,[2.]
13785,[5.]
13786,[5.]
13787,[5.]
13788,[3.]
13789,[4.]
13790,[4.]
13923,[2.]
13924,[4.]
13925,[5.]
13926,[5.]
13927,[4.]
13928,[5.]
13929,[5.]
13930,[4.]
14063,[3.]
14064,[5.]
14065,[4.]
14066,[5.]
14067,[4.]
14068,[5.]
14069,[4.]
14070,[5.]
14203,[4.]
14204,[5.]
14205,[4.]
14206,[4.]
14207,[4.]
14208,[4.]
14209,[5.]
14210,[4.]
14211,[4.]
14343,[5.]
14344,[5.]
14345,[4.]
14346,[4.]
14347,[4.]
14348,[4.]
14349,[4.]
14350,[4.]
14351,[3.]
14352,[3.]
14774,[2.]
14914,[2.]
8785,[5.]
8925,[5.]
9348,[5.]
9350,[5.]
9351,[5.]
8651,[5.]
8650,[5.]
8790,[5.]
8791,[5.]
8792,[5.]
8793,[5.]
8930,[5.]
8931,[5.]
8932,[5.]
8933,[5.]
9070,[5.]
9071,[5.]
9072,[5.]
9210,[5.]
9211,[5.]
9212,[5.]
9066,[5.]
9067,[5.]
8646,[5.]
8647,[5.]
8648,[5.]
8649,[5.]
8786,[5.]
8787,[5.]
8788,[5.]
8789,[6.]
8926,[5.]
8927,[6.]
8928,[5.]
8929,[5.]
9068,[5.]
9069,[5.]
9208,[5.]
9209,[5.]
12127,[5.]
12266,[4.]
12267,[4.]
12268,[2.]
12405,[3.]
12406,[4.]
12407,[3.]
12408,[3.]
12409,[2.]
12546,[2.]
12547,[4.]
12548,[4.]
12549,[3.]
12686,[1.]
12687,[1.]
12688,[2.]
12689,[2.]
12829,[3.]
12690,[2.]
15321,[3.]
15322,[4.]
15462,[3.]
15463,[4.]
15602,[3.]
15603,[4.]
15604,[3.]
15605,[4.]
15606,[3.]
15882,[1.]
15883,[4.]
15884,[2.]
16023,[1.]
16024,[4.]
15742,[4.]
15743,[4.]
15744,[3.]
15745,[3.]
15746,[3.]
15747,[3.]
15748,[2.]
15885,[2.]
15886,[3.]
15887,[3.]
16025,[1.]
16026,[1.]
16165,[1.]
13638,[5.]
13639,[3.]
13640,[4.]
13641,[4.]
13642,[3.]
13778,[5.]
13779,[4.]
13780,[5.]
13781,[3.]
13782,[2.]
13921,[2.]
13922,[2.]
12237,[4.]
12238,[3.]
12377,[4.]
12378,[3.]
13083,[4.]
13223,[4.]
13363,[3.]
13503,[3.]
13643,[2.]
13644,[3.]
12517,[5.]
12657,[5.]
12797,[5.]
12937,[5.]
13077,[6.]
12518,[3.]
12519,[4.]
12520,[4.]
12658,[4.]
12659,[4.]
12660,[4.]
12661,[4.]
12662,[4.]
13222,[3.]
13362,[4.]
13502,[3.]
13783,[3.]
12798,[4.]
12799,[4.]
12800,[5.]
12801,[4.]
12802,[4.]
12938,[5.]
12939,[5.]
12940,[4.]
12941,[5.]
12942,[4.]
13078,[5.]
13079,[4.]
13080,[5.]
13081,[4.]
13082,[4.]
13218,[5.]
13219,[4.]
13220,[3.]
13221,[4.]
13358,[5.]
13359,[4.]
13360,[4.]
13361,[4.]
13498,[5.]
13499,[3.]
13500,[5.]
13501,[3.]
9695,[255.]
9696,[255.]
9697,[255.]
9698,[5.]
9699,[5.]
9700,[5.]
9701,[5.]
9702,[5.]
9703,[5.]
9843,[5.]
9844,[6.]
9983,[5.]
9984,[5.]
10123,[5.]
9834,[255.]
9835,[255.]
9836,[255.]
9837,[5.]
9838,[5.]
9839,[5.]
9840,[4.]
9841,[6.]
9842,[5.]
9974,[255.]
9975,[5.]
9976,[5.]
9977,[4.]
9978,[5.]
9979,[5.]
9980,[5.]
9981,[4.]
9982,[4.]
10114,[4.]
10115,[5.]
10116,[4.]
10117,[5.]
10118,[5.]
10119,[5.]
10120,[4.]
10121,[5.]
10122,[5.]
10254,[4.]
10255,[3.]
10256,[5.]
10257,[4.]
10258,[5.]
10259,[4.]
10260,[4.]
10261,[5.]
10262,[4.]
10394,[5.]
10395,[5.]
10396,[5.]
10397,[4.]
10398,[5.]
10399,[4.]
10400,[5.]
10401,[4.]
10532,[3.]
10533,[5.]
10534,[5.]
10535,[4.]
10536,[5.]
10537,[5.]
10538,[5.]
10539,[5.]
10540,[5.]
10541,[4.]
10672,[4.]
10673,[4.]
10674,[4.]
10675,[5.]
10676,[4.]
10677,[4.]
10678,[5.]
10679,[4.]
10680,[5.]
10681,[4.]
10682,[4.]
10813,[4.]
10814,[5.]
10815,[4.]
10816,[4.]
10817,[5.]
10818,[4.]
10819,[5.]
10820,[4.]
10821,[3.]
10822,[4.]
10953,[4.]
10954,[5.]
10955,[4.]
10956,[4.]
10957,[4.]
10958,[5.]
10959,[5.]
10960,[5.]
11099,[5.]
11100,[5.]
8319,[4.]
8458,[5.]
8459,[5.]
8597,[5.]
8598,[5.]
8599,[5.]
8737,[5.]
8738,[5.]
8739,[5.]
8876,[5.]
8877,[5.]
8878,[5.]
8879,[5.]
9295,[5.]
9296,[5.]
9299,[5.]
8320,[5.]
8460,[5.]
8600,[5.]
8740,[5.]
8880,[6.]
9015,[5.]
9016,[5.]
9017,[5.]
9018,[5.]
9019,[6.]
9020,[6.]
9155,[5.]
9156,[5.]
9157,[5.]
9158,[5.]
9159,[5.]
9160,[6.]
17416,[3.]
17417,[3.]
17418,[3.]
17419,[3.]
17556,[3.]
17557,[3.]
17558,[3.]
17559,[3.]
17696,[4.]
17697,[4.]
17698,[3.]
17699,[3.]
17836,[3.]
17837,[2.]
17976,[4.]
16295,[5.]
16431,[3.]
16432,[4.]
16434,[5.]
16435,[4.]
16570,[4.]
16571,[3.]
16572,[4.]
16573,[4.]
16574,[4.]
16575,[5.]
16710,[3.]
16711,[3.]
16712,[4.]
16713,[4.]
16714,[4.]
16715,[4.]
16851,[3.]
16852,[3.]
16853,[4.]
16854,[5.]
16855,[4.]
16296,[3.]
16856,[3.]
16994,[4.]
16995,[4.]
16996,[4.]
16997,[3.]
17134,[5.]
17135,[5.]
17136,[4.]
17137,[4.]
17274,[5.]
17275,[4.]
17276,[3.]
17277,[3.]
17278,[3.]
17414,[5.]
17415,[5.]
16991,[3.]
16992,[4.]
16993,[4.]
17131,[4.]
17132,[5.]
17133,[4.]
17272,[4.]
17273,[5.]
17413,[5.]
17554,[4.]
17555,[4.]
17695,[3.]
17835,[4.]
17975,[4.]
7644,[4.]
7645,[4.]
7646,[5.]
7647,[3.]
7648,[4.]
7784,[3.]
7785,[6.]
7786,[3.]
7787,[4.]
7788,[4.]
7789,[4.]
7790,[5.]
7791,[4.]
7924,[5.]
7925,[5.]
7926,[5.]
7927,[4.]
7928,[5.]
7929,[4.]
7930,[3.]
8065,[3.]
8066,[5.]
8067,[5.]
7640,[4.]
7641,[5.]
7642,[4.]
7643,[5.]
7781,[4.]
7782,[6.]
7783,[4.]
7922,[3.]
7923,[3.]
7358,[4.]
7360,[5.]
7361,[4.]
7362,[5.]
7498,[3.]
7499,[4.]
7500,[5.]
7501,[5.]
7502,[5.]
7503,[3.]
7504,[3.]
7505,[5.]
18661,[3.]
18662,[4.]
18663,[3.]
18664,[4.]
18665,[3.]
18666,[4.]
18667,[4.]
18668,[4.]
18804,[4.]
18805,[4.]
18806,[4.]
18807,[4.]
18808,[255.]
18946,[4.]
18116,[4.]
18117,[4.]
18256,[3.]
18396,[4.]
16990,[3.]
17128,[4.]
17129,[3.]
17130,[4.]
17267,[5.]
17268,[3.]
17269,[4.]
17270,[4.]
17407,[4.]
17408,[3.]
17409,[4.]
17410,[3.]
17547,[3.]
17548,[4.]
17549,[5.]
17550,[4.]
17687,[4.]
17688,[5.]
17689,[4.]
17690,[5.]
17822,[4.]
17823,[4.]
17824,[4.]
17825,[4.]
17826,[4.]
17827,[4.]
17828,[5.]
17829,[5.]
17830,[4.]
17271,[4.]
17411,[5.]
17412,[5.]
17551,[5.]
17552,[5.]
17553,[5.]
17691,[4.]
17692,[4.]
17693,[4.]
17694,[4.]
17831,[4.]
17832,[4.]
17833,[4.]
17834,[3.]
17970,[4.]
17971,[4.]
17972,[4.]
17973,[4.]
17974,[3.]
17961,[4.]
17962,[5.]
17963,[4.]
17964,[4.]
17965,[4.]
17966,[4.]
17967,[5.]
17968,[5.]
17969,[5.]
18100,[5.]
18101,[4.]
18102,[3.]
18103,[4.]
18104,[4.]
18105,[3.]
18106,[4.]
18107,[4.]
18108,[5.]
18109,[4.]
18110,[4.]
18111,[4.]
18112,[4.]
18113,[5.]
18114,[3.]
18115,[4.]
18240,[4.]
18241,[3.]
18242,[4.]
18243,[3.]
18244,[4.]
18245,[4.]
18246,[4.]
18247,[5.]
18248,[3.]
18249,[4.]
18250,[4.]
18251,[4.]
18252,[3.]
18253,[3.]
18254,[4.]
18255,[3.]
18380,[4.]
18381,[4.]
18382,[4.]
18383,[4.]
18384,[3.]
18385,[4.]
18386,[5.]
18387,[5.]
18388,[4.]
18389,[4.]
18390,[3.]
18391,[4.]
18392,[4.]
18393,[2.]
18394,[3.]
18395,[3.]
18520,[4.]
18521,[5.]
18522,[4.]
18523,[4.]
18524,[4.]
18525,[4.]
18526,[3.]
18527,[4.]
18528,[4.]
18529,[4.]
18530,[3.]
18531,[4.]
18532,[4.]
18533,[3.]
18534,[4.]
18535,[3.]
18669,[4.]
18670,[3.]
18809,[3.]
10056,[5.]
10196,[5.]
10334,[5.]
10335,[5.]
10336,[5.]
10197,[5.]
10337,[5.]
10474,[5.]
10475,[4.]
10476,[2.]
10477,[4.]
10614,[5.]
10615,[3.]
10616,[1.]
10617,[255.]
10755,[3.]
10756,[2.]
10757,[3.]
9917,[5.]
10057,[5.]
10058,[5.]
10198,[5.]
10199,[3.]
10338,[3.]
10339,[255.]
10478,[4.]
19088,[4.]
19228,[3.]
19368,[5.]
18677,[3.]
18678,[3.]
18679,[4.]
18680,[4.]
18817,[4.]
18818,[3.]
18819,[4.]
18820,[3.]
18957,[4.]
18958,[4.]
18959,[4.]
18960,[4.]
19793,[4.]
19794,[4.]
19795,[4.]
19796,[4.]
19797,[4.]
19798,[4.]
19933,[4.]
19934,[4.]
19935,[5.]
19936,[4.]
19937,[4.]
20073,[4.]
20074,[4.]
20075,[3.]
20076,[4.]
20213,[4.]
20214,[4.]
20215,[5.]
20353,[4.]
20354,[4.]
20355,[4.]
20493,[5.]
20494,[5.]
20495,[4.]
20633,[4.]
20634,[4.]
20635,[4.]
20773,[5.]
20774,[5.]
20913,[5.]
19099,[3.]
19100,[4.]
19101,[4.]
19239,[4.]
19240,[4.]
19241,[4.]
19379,[4.]
19380,[4.]
19381,[4.]
19519,[4.]
19520,[4.]
19659,[5.]
18536,[3.]
18671,[4.]
18672,[3.]
18673,[3.]
18674,[4.]
18675,[4.]
18676,[4.]
18810,[4.]
18811,[4.]
18812,[3.]
18813,[4.]
18814,[4.]
18815,[4.]
18816,[4.]
18949,[3.]
18950,[3.]
18951,[3.]
18952,[4.]
18953,[3.]
18954,[3.]
18955,[4.]
18956,[4.]
19089,[5.]
19090,[4.]
19091,[3.]
19092,[3.]
19093,[3.]
19094,[4.]
19095,[3.]
19096,[4.]
19097,[3.]
19098,[3.]
19229,[4.]
19230,[4.]
19231,[4.]
19232,[4.]
19233,[4.]
19234,[4.]
19235,[4.]
19236,[4.]
19237,[4.]
19238,[4.]
19369,[5.]
19370,[4.]
19371,[4.]
19372,[4.]
19373,[4.]
19374,[4.]
19375,[4.]
19376,[5.]
19377,[4.]
19378,[5.]
19509,[3.]
19510,[4.]
19511,[4.]
19512,[4.]
19513,[3.]
19514,[4.]
19515,[5.]
19516,[5.]
19517,[5.]
19518,[4.]
19650,[4.]
19651,[4.]
19652,[4.]
19653,[4.]
19654,[4.]
19655,[4.]
19656,[4.]
19657,[5.]
19658,[4.]
19790,[4.]
19791,[5.]
19792,[5.]
19930,[4.]
19931,[4.]
19932,[5.]
20070,[5.]
20071,[4.]
20072,[4.]
20210,[5.]
20211,[4.]
20212,[4.]
20350,[5.]
20351,[4.]
20352,[4.]
20490,[3.]
20491,[5.]
20492,[5.]
20630,[5.]
20631,[5.]
20632,[4.]
20771,[5.]
20772,[5.]
19803,[4.]
19804,[3.]
19805,[3.]
19806,[3.]
19942,[3.]
19943,[3.]
19944,[3.]
19945,[4.]
19946,[4.]
20083,[4.]
19249,[5.]
19388,[3.]
19389,[5.]
19527,[3.]
19528,[4.]
19529,[5.]
19664,[4.]
19665,[3.]
19666,[3.]
19667,[3.]
19668,[4.]
19669,[5.]
19670,[5.]
19807,[3.]
19808,[3.]
19809,[4.]
19810,[3.]
19811,[255.]
19947,[5.]
19948,[5.]
19949,[5.]
19950,[1.]
19951,[6.]
19952,[4.]
20087,[4.]
20088,[4.]
20089,[255.]
20090,[2.]
20091,[4.]
20092,[5.]
20227,[4.]
20228,[4.]
20229,[5.]
20230,[4.]
20231,[3.]
20232,[5.]
20368,[4.]
20369,[5.]
20370,[4.]
20371,[5.]
20508,[5.]
20509,[5.]
20510,[5.]
20511,[4.]
20648,[4.]
20649,[4.]
20650,[3.]
12128,[5.]
12129,[5.]
12269,[5.]
11152,[5.]
11156,[4.]
12130,[4.]
12270,[4.]
12410,[4.]
12550,[3.]
11292,[4.]
11293,[5.]
11294,[5.]
11295,[5.]
11296,[4.]
11432,[4.]
11433,[5.]
11434,[5.]
11435,[4.]
11436,[4.]
11572,[4.]
11573,[5.]
11574,[4.]
11575,[5.]
11576,[5.]
11711,[5.]
11712,[4.]
11713,[4.]
11714,[4.]
11715,[3.]
11716,[4.]
11717,[5.]
11849,[5.]
11850,[4.]
11851,[3.]
11852,[5.]
11853,[4.]
11854,[5.]
11855,[5.]
11856,[4.]
11857,[5.]
11989,[5.]
11990,[5.]
11991,[5.]
11992,[3.]
11993,[4.]
11994,[3.]
11995,[5.]
11996,[4.]
11997,[5.]
12131,[4.]
12132,[4.]
12133,[4.]
12134,[2.]
12135,[4.]
12136,[5.]
12137,[3.]
12138,[1.]
12271,[4.]
12272,[5.]
12273,[2.]
12274,[2.]
12275,[3.]
12276,[3.]
12277,[255.]
12411,[3.]
12412,[2.]
12413,[2.]
12414,[3.]
12415,[255.]
12551,[2.]
12552,[3.]
12553,[3.]
12691,[3.]
7883,[5.]
8163,[5.]
8033,[5.]
8173,[6.]
8313,[5.]
8314,[5.]
8453,[5.]
8454,[6.]
8593,[5.]
8594,[5.]
8733,[5.]
8734,[5.]
8735,[5.]
8873,[5.]
8874,[5.]
8875,[5.]
7465,[5.]
7466,[5.]
7605,[6.]
7606,[5.]
7745,[5.]
7746,[5.]
7884,[5.]
7885,[5.]
7886,[5.]
8024,[4.]
8025,[5.]
8026,[5.]
8164,[5.]
8166,[6.]
8306,[4.]
8445,[3.]
8446,[5.]
8585,[5.]
8586,[5.]
8725,[5.]
8726,[5.]
8866,[3.]
8867,[3.]
8868,[4.]
8869,[6.]
8870,[6.]
8871,[5.]
9008,[3.]
9009,[5.]
9010,[5.]
9011,[5.]
9012,[5.]
9014,[4.]
9151,[5.]
7607,[5.]
7747,[5.]
7748,[5.]
7887,[5.]
7888,[5.]
7889,[5.]
8027,[5.]
8028,[5.]
8029,[5.]
8031,[5.]
8032,[5.]
8167,[6.]
8168,[5.]
8169,[5.]
8170,[5.]
8171,[5.]
8172,[5.]
8307,[4.]
8308,[5.]
8309,[5.]
8310,[5.]
8311,[5.]
8312,[5.]
8447,[5.]
8448,[5.]
8449,[5.]
8450,[5.]
8451,[5.]
8452,[5.]
8587,[5.]
8588,[5.]
8589,[5.]
8590,[5.]
8591,[5.]
8592,[5.]
8727,[5.]
8728,[6.]
8729,[5.]
8730,[5.]
8731,[4.]
8732,[5.]
11687,[6.]
12107,[4.]
12108,[3.]
12247,[4.]
12248,[2.]
12387,[2.]
12388,[2.]
12527,[3.]
12528,[4.]
12529,[3.]
12667,[255.]
12668,[3.]
12808,[2.]
10699,[3.]
10836,[5.]
10837,[5.]
10838,[5.]
10839,[4.]
10976,[5.]
10977,[5.]
10978,[5.]
10979,[5.]
11115,[5.]
11116,[5.]
11117,[5.]
11118,[5.]
11119,[5.]
11257,[4.]
11258,[3.]
11259,[4.]
11260,[4.]
11399,[2.]
11400,[3.]
12386,[3.]
11541,[255.]
11542,[3.]
11543,[3.]
11544,[4.]
11545,[5.]
11684,[3.]
11685,[5.]
11825,[6.]
11965,[5.]
12105,[3.]
10700,[5.]
10840,[3.]
10980,[5.]
10981,[4.]
11120,[4.]
11121,[5.]
11122,[5.]
11261,[4.]
11262,[3.]
11263,[5.]
11401,[3.]
11402,[3.]
11403,[4.]
11404,[5.]
11405,[5.]
11546,[5.]
11686,[5.]
11966,[6.]
12106,[6.]
12246,[5.]
10607,[5.]
10747,[5.]
10887,[3.]
10888,[3.]
11027,[4.]
11028,[4.]
11167,[3.]
11307,[5.]
11308,[3.]
11447,[5.]
11448,[3.]
11449,[3.]
11017,[4.]
11157,[4.]
10466,[5.]
10604,[4.]
10605,[5.]
10606,[5.]
10744,[5.]
10745,[5.]
10746,[5.]
10881,[5.]
10882,[5.]
10883,[5.]
10884,[5.]
10885,[5.]
10886,[5.]
11158,[5.]
11297,[5.]
11298,[4.]
11437,[5.]
11438,[4.]
11577,[4.]
11578,[5.]
11718,[5.]
11858,[5.]
11998,[4.]
11018,[4.]
11019,[5.]
11020,[5.]
11021,[5.]
11022,[3.]
11023,[4.]
11024,[5.]
11025,[4.]
11026,[4.]
11159,[5.]
11160,[5.]
11161,[5.]
11162,[3.]
11163,[4.]
11164,[4.]
11165,[3.]
11166,[5.]
11299,[5.]
11300,[5.]
11301,[4.]
11302,[5.]
11303,[4.]
11304,[4.]
11305,[4.]
11306,[4.]
11439,[4.]
11440,[5.]
11441,[3.]
11442,[5.]
11443,[4.]
11444,[5.]
11445,[3.]
11446,[3.]
11579,[4.]
11580,[4.]
11581,[3.]
11582,[3.]
11583,[3.]
11584,[4.]
11585,[3.]
11586,[3.]
11587,[3.]
11588,[4.]
11589,[2.]
11719,[5.]
11720,[5.]
11721,[5.]
11722,[4.]
11723,[3.]
11724,[3.]
11725,[5.]
11726,[2.]
11727,[1.]
11728,[2.]
11859,[5.]
11860,[5.]
11861,[5.]
11862,[5.]
11863,[4.]
11864,[2.]
11865,[3.]
11999,[5.]
12000,[5.]
12001,[1.]
12139,[5.]
13515,[2.]
13519,[2.]
13520,[2.]
13521,[1.]
13522,[1.]
13655,[2.]
13656,[2.]
13657,[2.]
13658,[2.]
13659,[2.]
13660,[2.]
13661,[2.]
13662,[1.]
13663,[3.]
13797,[2.]
13798,[1.]
13799,[2.]
13800,[2.]
13801,[2.]
13802,[2.]
13803,[3.]
13938,[2.]
13939,[3.]
13940,[2.]
13941,[2.]
13942,[2.]
14078,[1.]
14079,[2.]
14080,[2.]
14081,[1.]
14218,[2.]
14219,[2.]
14220,[2.]
14221,[3.]
14358,[2.]
14359,[3.]
14360,[2.]
14499,[3.]
14500,[3.]
26083,[3.]
26084,[4.]
26087,[5.]
26223,[4.]
26224,[5.]
26225,[3.]
26227,[4.]
26362,[4.]
26363,[4.]
26364,[5.]
26366,[1.]
26367,[5.]
26500,[3.]
26501,[3.]
26502,[4.]
26503,[4.]
26504,[5.]
26505,[5.]
26506,[2.]
26507,[3.]
26640,[3.]
26641,[3.]
26642,[4.]
26643,[4.]
26644,[1.]
26645,[5.]
26646,[5.]
26647,[2.]
26780,[3.]
26781,[3.]
26782,[5.]
26783,[4.]
26784,[5.]
26785,[5.]
26786,[5.]
26787,[255.]
26920,[3.]
26921,[4.]
26922,[5.]
26923,[4.]
26924,[5.]
26925,[5.]
26926,[4.]
26927,[2.]
27060,[3.]
27061,[4.]
27062,[3.]
27063,[3.]
27064,[5.]
27065,[5.]
27066,[4.]
27067,[3.]
27200,[3.]
27201,[3.]
27202,[4.]
27203,[5.]
27204,[5.]
27205,[5.]
